   1,        "Владимир Авдеев"
   2,   "Маргарита Емельянова"
   3,        "Сергей Некрасов"
   4,            "Иван Блохин"
   5,       "Ирина Харитонова"
   6,        "Валерия Авдеева"
   7,     "Маргарита Брошкина"
   8,         "Альберт Князев"
   9,      "Василиса Эйнштейн"
  10,       "Анна Виноградова"
  11,        "Михаил Горбачёв"
  12,        "Георгий Одинцов"
  13,     "Светлана Игнатьева"
  14,     "Татьяна Емельянова"
  15,      "Константин Бобров"
  16,        "Иван Калашников"
  17,        "Мария Воробьёва"
  18,         "Виктор Яковлев"
  19,        "Руслан Эйнштейн"
  20,          "Ольга Фадеева"
  21,          "Яна Волынская"
  22,    "Ольга Константинова"
  23,          "Анна Одинцова"
  24,         "Елена Абрамова"
  25,           "Яна Андреева"
  26,         "Анна Ларионова"
  27,      "Наталья Селезнёва"
  28,         "Руслан Никитин"
  29,     "Василиса Волынская"
  30,           "Дарья Фокина"
  31,         "Виктор Андреев"
  32,       "Дарья Харитонова"
  33,       "Василиса Иванова"
  34,       "Светлана Князева"
  35,        "Дмитрий Денисов"
  36,        "Ольга Некрасова"
  37,     "Альберт Овчинников"
  38,       "Альберт Игнатьев"
  39,     "Владислав Шестаков"
  40,        "Георгий Никитин"
  41,       "Валерия Калинина"
  42,        "Владислав Фомин"
  43,        "Ирина Ларионова"
  44,           "Елена Фомина"
  45,       "Владислав Бобров"
  46,           "Илья Сидоров"
  47,        "Руслан Шестаков"
  48,         "Виктор Брошкин"
  49,       "Георгий Медведев"
  50,     "Маргарита Абрамова"
  51,        "Ксения Одинцова"
  52,          "Иван Шестаков"
  53,    "Наталья Калашникова"
  54,    "Анастасия Селезнёва"
  55,      "Елена Калашникова"
  56,          "Марк Эйнштейн"
  57,          "Жанна Фадеева"
  58,        "Михаил Журавлёв"
  59,        "Геннадий Иванов"
  60,           "Яна Макарова"
  61,        "Татьяна Авдеева"
  62,      "Константин Гришин"
  63,      "Наталья Селезнёва"
  64,     "Анастасия Эйнштейн"
  65,        "Михаил Шестаков"
  66,         "Анатолий Фомин"
  67,       "Дмитрий Васильев"
  68,   "Константин Емельянов"
  69,       "Альберт Игнатьев"
  70,      "Маргарита Иванова"
  71,         "София Лебедева"
  72,        "Наталья Блохина"
  73,     "Маргарита Калинина"
  74,     "Василиса Васильева"
  75,         "Руслан Моисеев"
  76,         "Руслан Лебедев"
  77,     "Роман Константинов"
  78,       "Василиса Князева"
  79,        "Алиса Ларионова"
  80,       "Анатолий Смирнов"
  81,      "Виктория Шарапова"
  82,          "Роман Шарапов"
  83,       "Алевтина Блохина"
  84,       "Мария Герасимова"
  85,        "Алиса Некрасова"
  86,             "Илья Фокин"
  87,         "Ольга Калинина"
  88,        "Алиса Воробьёва"
  89,         "Ксения Авдеева"
  90,         "Руслан Никитин"
  91,         "Алексей Шадрин"
  92,         "София Яковлева"
  93,           "Анна Иванова"
  94,          "Ирина Блохина"
  95,         "Ольга Макарова"
  96,           "Яна Моисеева"
  97,         "Елена Колобова"
  98,          "Евгений Фокин"
  99,      "Елена Калашникова"
 100,        "Виктор Ларионов"
 101,       "Александр Иванов"
 102,          "Михаил Иванов"
 103,        "Дмитрий Абрамов"
 104,        "Ксения Абрамова"
 105,     "Василиса Васильева"
 106,        "Ольга Журавлёва"
 107,         "Мария Лебедева"
 108,       "Ксения Ларионова"
 109,          "Ксения Шубина"
 110,        "Дмитрий Макаров"
 111,      "Анастасия Шадрина"
 112,          "Дарья Авдеева"
 113,      "Алевтина Смирнова"
 114,        "Елена Шестакова"
 115,           "Иван Никитин"
 116,        "Василий Калинин"
 117,       "Жанна Пономарёва"
 118,        "Жанна Васильева"
 119,         "Жанна Никитина"
 120,         "Алиса Смирнова"
 121,       "Татьяна Колобова"
 122,        "Дарья Воробьёва"
 123,     "Виктория Васильева"
 124,      "Татьяна Ларионова"
 125,       "Валерия Яковлева"
 126,    "Михаил Константинов"
 127,         "Ксения Иванова"
 128,         "Ирина Макарова"
 129,           "Яна Эйнштейн"
 130,      "Геннадий Васильев"
 131,         "Ольга Шарапова"
 132,         "Татьяна Бузова"
 133,       "Валерия Макарова"
 134,      "Дарья Калашникова"
 135,      "Алевтина Моисеева"
 136,          "Михаил Князев"
 137,   "Константин Пономарёв"
 138,      "Татьяна Белоусова"
 139,           "Марк Денисов"
 140,        "Алексей Смирнов"
 141,          "Ирина Шадрина"
 142,       "Анастасия Бузова"
 143,      "Марк Константинов"
 144,       "Ксения Шестакова"
 145,         "Татьяна Шубина"
 146,          "Мария Блохина"
 147,       "Константин Фомин"
 148,     "Светлана Горбачёва"
 149,       "Геннадий Никитин"
 150,      "Владимир Ларионов"
 151,         "Анатолий Жадан"
 152,      "Владислав Смирнов"
 153,        "Георгий Никитин"
 154,       "Анна Виноградова"
 155,          "Ирина Фадеева"
 156,     "Василиса Медведева"
 157,      "Анатолий Ларионов"
 158,          "Елена Авдеева"
 159,        "Ирина Игнатьева"
 160,           "Дарья Фомина"
 161,     "Александр Журавлёв"
 162,        "Алексей Макаров"
 163,        "Татьяна Боброва"
 164,          "Альберт Фомин"
 165,      "Татьяна Селезнёва"
 166,        "Елена Белоусова"
 167,        "Дарья Селезнёва"
 168,       "Алевтина Авдеева"
 169,       "Ксения Горбачёва"
 170,   "Константин Емельянов"
 171,         "Альберт Иванов"
 172,        "Жанна Некрасова"
 173,          "Роман Андреев"
 174,           "Иван Смирнов"
 175,        "София Шестакова"
 176,        "Ксения Яковлева"
 177,    "Валерия Овчинникова"
 178,         "Ирина Эйнштейн"
 179,        "Альберт Калинин"
 180,         "София Смирнова"
 181,          "Михаил Князев"
 182,         "Дарья Колобова"
 183,          "Марк Горбачёв"
 184,       "Алексей Воробьёв"
 185,    "Василиса Пономарёва"
 186,        "Дарья Некрасова"
 187,           "Марк Денисов"
 188,      "Светлана Эйнштейн"
 189,        "Виктория Бузова"
 190,      "Валерия Белоусова"
 191,         "Ольга Одинцова"
 192,      "Александр Никитин"
 193,      "Мария Овчинникова"
 194,         "Роман Ларионов"
 195,         "Руслан Абрамов"
 196,      "Анатолий Белоусов"
 197,        "Руслан Белоусов"
 198,       "Виктория Громова"
 199,        "Наталья Авдеева"
 200,      "Анастасия Блохина"
 201,     "Константин Шарапов"
 202,        "Ольга Селезнёва"
 203,        "Василий Никитин"
 204,          "Роман Сидоров"
 205,         "Жанна Абрамова"
 206,      "Наталья Волынская"
 207,         "Дарья Эйнштейн"
 208,       "Дмитрий Воробьёв"
 209,       "Ирина Емельянова"
 210,       "Татьяна Абрамова"
 211,       "Татьяна Абрамова"
 212,           "Алиса Шубина"
 213,       "Валерия Абрамова"
 214,         "Жанна Шарапова"
 215,       "Алевтина Князева"
 216,            "Иван Бобров"
 217,        "Жанна Некрасова"
 218,         "Руслан Денисов"
 219,        "Ксения Смирнова"
 220,           "Илья Шарапов"
 221,         "Георгий Князев"
 222,     "Василиса Некрасова"
 223,       "Валерия Шарапова"
 224,           "Яна Сидорова"
 225,     "Анастасия Шарапова"
 226,        "Георгий Яковлев"
 227,     "Виктория Волынская"
 228,        "Светлана Шубина"
 229,     "Виктория Горбачёва"
 230,           "Руслан Шубин"
 231,      "Ирина Виноградова"
 232,     "Дмитрий Овчинников"
 233,       "Алевтина Авдеева"
 234,        "Георгий Смирнов"
 235,          "Роман Калинин"
 236,       "Василиса Блохина"
 237,      "Владимир Эйнштейн"
 238,         "Ольга Сидорова"
 239,        "Анатолий Иванов"
 240,         "Анатолий Жадан"
 241,         "Анна Васильева"
 242,      "Дарья Овчинникова"
 243,            "Иван Иванов"
 244,       "Владимир Андреев"
 245,         "Жанна Сидорова"
 246,"Константин Константинов"
 247,    "Ирина Константинова"
 248,         "Виктор Абрамов"
 249,       "Дмитрий Игнатьев"
 250,      "Александр Колобов"
 251,      "Евгений Герасимов"
 252,     "Василиса Васильева"
 253,        "Наталья Фадеева"
 254,        "Елена Игнатьева"
 255,           "Илья Шарапов"
 256,       "Василий Белоусов"
 257,        "Руслан Шестаков"
 258,      "Владислав Макаров"
 259,      "Василиса Брошкина"
 260,           "Яна Яковлева"
 261,     "Василиса Горбачёва"
 262,         "Руслан Сидоров"
 263,            "Яна Блохина"
 264,       "Василиса Князева"
 265,          "Яна Журавлёва"
 266,         "Мария Андреева"
 267,      "Анатолий Игнатьев"
 268,        "Наталья Шадрина"
 269,       "Наталья Сидорова"
 270,         "Илья Пономарёв"
 271,       "Георгий Эйнштейн"
 272,        "Елена Белоусова"
 273,       "Альберт Игнатьев"
 274,           "Марк Макаров"
 275,         "Руслан Яковлев"
 276,       "Наталья Смирнова"
 277,            "Илья Авдеев"
 278,         "Жанна Макарова"
 279,        "Сергей Журавлёв"
 280,         "Алиса Никитина"
 281,        "Альберт Калинин"
 282,        "Евгений Брошкин"
 283,     "Константин Лебедев"
 284,    "Анастасия Ларионова"
 285,         "София Филатова"
 286,    "Маргарита Медведева"
 287,      "Мария Овчинникова"
 288,            "Анна Бузова"
 289,        "Дмитрий Сидоров"
 290,     "Альберт Овчинников"
 291,     "Наталья Пономарёва"
 292,       "Анна Виноградова"
 293,     "Владислав Белоусов"
 294,         "Алиса Брошкина"
 295,       "Александр Иванов"
 296,    "Владимир Овчинников"
 297,        "Дарья Ларионова"
 298,         "Дарья Яковлева"
 299,        "Алиса Некрасова"
 300,         "Ксения Гришина"
 301,          "Яна Горбачёва"
 302,           "Дарья Бузова"
 303,         "Ирина Шарапова"
 304,      "Василиса Сидорова"
 305,          "Ирина Фадеева"
 306,            "Анна Шубина"
 307,       "Альберт Ларионов"
 308,      "Татьяна Васильева"
 309,         "Михаил Колобов"
 310,        "Ксения Эйнштейн"
 311,         "Руслан Андреев"
 312,       "Георгий Ларионов"
 313,   "Владислав Овчинников"
 314,        "Александр Шубин"
 315,     "Анастасия Одинцова"
 316,     "Георгий Калашников"
 317,       "Дмитрий Селезнёв"
 318,        "Роман Волынский"
 319,      "Владимир Игнатьев"
 320,    "Анастасия Воробьёва"
 321,  "Наталья Константинова"
 322,        "Мария Волынская"
 323,     "Владислав Горбачёв"
 324,          "Жанна Боброва"
 325,        "Михаил Васильев"
 326,        "Ирина Некрасова"
 327,        "Александр Фокин"
 328,       "Светлана Блохина"
 329,    "Алиса Константинова"
 330,           "Елена Фомина"
 331,      "Евгений Пономарёв"
 332,           "Ирина Фомина"
 333,    "Светлана Харитонова"
 334,      "Алексей Харитонов"
 335,       "Татьяна Колобова"
 336,         "Жанна Никитина"
 337,      "Геннадий Васильев"
 338,         "Елена Колобова"
 339,       "Алевтина Иванова"
 340,     "Василиса Журавлёва"
 341,        "Илья Овчинников"
 342,        "Руслан Шестаков"
 343,        "Михаил Шестаков"
 344,          "Дмитрий Фокин"
 345,          "Сергей Шадрин"
 346,          "Руслан Шадрин"
 347,         "Дарья Одинцова"
 348,        "Анатолий Фадеев"
 349,       "Анатолий Яковлев"
 350,         "Татьяна Бузова"
 351,       "Константин Жадан"
 352,      "Алевтина Яковлева"
 353,         "Мария Абрамова"
 354,          "Яна Васильева"
 355,        "Георгий Шарапов"
 356,        "Татьяна Авдеева"
 357,        "Георгий Моисеев"
 358,        "Ксения Никитина"
 359,      "Василиса Денисова"
 360,       "Василиса Авдеева"
 361,         "Яна Емельянова"
 362,       "Виктория Громова"
 363,      "Алевтина Никитина"
 364,           "Яна Филатова"
 365,       "Татьяна Абрамова"
 366,      "Светлана Смирнова"
 367,             "Марк Жадан"
 368,        "Владислав Фомин"
 369,           "Виктор Жадан"
 370,        "София Ларионова"
 371,     "Маргарита Колобова"
 372,      "Елена Виноградова"
 373,        "Геннадий Фадеев"
 374,          "Виктор Бобров"
 375,           "Марк Денисов"
 376,       "Дмитрий Журавлёв"
 377,    "Виктория Емельянова"
 378,   "Анастасия Пономарёва"
 379,        "Сергей Медведев"
 380,        "Ирина Игнатьева"
 381,      "Василиса Никитина"
 382,        "Виктор Горбачёв"
 383,        "Алексей Лебедев"
 384,        "Мария Шестакова"
 385,      "Руслан Овчинников"
 386,      "Анастасия Авдеева"
 387,      "Виктория Абрамова"
 388,    "Валерия Овчинникова"
 389,      "Виктория Калинина"
 390,            "Марк Бобров"
 391,        "Алиса Шестакова"
 392,       "Татьяна Колобова"
 393,        "Роман Волынский"
 394,            "Яна Авдеева"
 395,            "Иван Князев"
 396,       "Георгий Воробьёв"
 397,           "Илья Денисов"
 398,         "Виктор Денисов"
 399,        "Алексей Колобов"
 400,          "Илья Медведев"
 401,     "Маргарита Эйнштейн"
 402,         "Владимир Фомин"
 403,     "Татьяна Харитонова"
 404,    "Анатолий Калашников"
 405,         "Ольга Одинцова"
 406,         "Руслан Моисеев"
 407,          "Альберт Фокин"
 408,    "Маргарита Журавлёва"
 409,        "Алексей Макаров"
 410,      "Дмитрий Пономарёв"
 411,        "Геннадий Громов"
 412,         "Евгений Князев"
 413,          "Ирина Гришина"
 414,         "Жанна Брошкина"
 415,      "Владислав Филатов"
 416,          "Анна Андреева"
 417,          "Михаил Иванов"
 418,          "Василий Фокин"
 419,       "Руслан Емельянов"
 420,         "Дарья Макарова"
 421,           "Яна Колобова"
 422,      "Дмитрий Харитонов"
 423,            "Иван Авдеев"
 424,            "Марк Авдеев"
 425,     "Анастасия Сидорова"
 426,        "Анатолий Громов"
 427,          "Виктор Авдеев"
 428,      "Василиса Эйнштейн"
 429,          "Виктор Князев"
 430,      "Валерия Белоусова"
 431,        "Алексей Шарапов"
 432,           "Илья Моисеев"
 433,             "Яна Шубина"
 434,      "Виктория Одинцова"
 435,       "Ксения Селезнёва"
 436,         "Дмитрий Бобров"
 437,    "Ирина Константинова"
 438,         "Ольга Лебедева"
 439,       "Анастасия Бузова"
 440,        "Владислав Фокин"
 441,      "Валерия Некрасова"
 442,         "Василий Иванов"
 443,      "Светлана Брошкина"
 444,         "Михаил Смирнов"
 445,           "Виктор Шубин"
 446,           "Анна Боброва"
 447,         "Алексей Авдеев"
 448,         "Михаил Филатов"
 449,          "Марк Горбачёв"
 450,           "Иван Сидоров"
 451,       "Татьяна Колобова"
 452,        "Алиса Шестакова"
 453,         "Алексей Фадеев"
 454,         "Жанна Филатова"
 455,       "Сергей Емельянов"
 456,        "Анатолий Блохин"
 457,         "Альберт Блохин"
 458,      "Виктория Смирнова"
 459,        "Геннадий Фадеев"
 460,         "Руслан Калинин"
 461,      "Ирина Калашникова"
 462,     "Георгий Калашников"
 463,      "Виктория Брошкина"
 464,        "Наталья Боброва"
 465,        "Дмитрий Лебедев"
 466,           "Михаил Шубин"
 467,       "Татьяна Эйнштейн"
 468,        "Ксения Брошкина"
 469,          "Роман Андреев"
 470,      "Светлана Яковлева"
 471,      "Геннадий Белоусов"
 472,        "Ольга Ларионова"
 473,      "Владислав Лебедев"
 474,           "Яна Шарапова"
 475,        "Георгий Колобов"
 476,     "Маргарита Одинцова"
 477,      "София Виноградова"
 478,        "Яна Калашникова"
 479,    "Светлана Герасимова"
 480,      "Алевтина Брошкина"
 481,          "Анна Колобова"
 482,       "Виктория Иванова"
 483,          "Ольга Князева"
 484,         "Алексей Князев"
 485,        "Ксения Яковлева"
 486,        "Сергей Игнатьев"
 487,         "Виктор Колобов"
 488,   "Алевтина Овчинникова"
 489,          "Илья Медведев"
 490,        "Виктор Шестаков"
 491,        "Сергей Белоусов"
 492,         "София Моисеева"
 493,      "Георгий Герасимов"
 494,           "Михаил Жадан"
 495,           "Елена Бузова"
 496,       "Татьяна Шарапова"
 497,         "Илья Волынский"
 498,        "Алексей Денисов"
 499,             "Иван Фомин"
 500,         "Альберт Гришин"
 501,         "Геннадий Фокин"
 502,         "Сергей Макаров"
 503,       "Алевтина Блохина"
 504,           "Марк Никитин"
 505,        "Татьяна Громова"
 506,           "Ирина Фомина"
 507,      "Алевтина Смирнова"
 508,        "Евгений Яковлев"
 509,         "Жанна Лебедева"
 510,    "Татьяна Виноградова"
 511,    "Алевтина Герасимова"
 512,         "Дмитрий Князев"
 513,"Маргарита Константинова"
 514,         "Татьяна Фокина"
 515,        "Елена Горбачёва"
 516,           "Илья Колобов"
 517,      "Светлана Яковлева"
 518,          "Сергей Гришин"
 519,   "Виктория Калашникова"
 520,         "Алиса Колобова"
 521,      "Наталья Шестакова"
 522,        "Дарья Волынская"
 523,       "Дмитрий Ларионов"
 524,        "Валерия Князева"
 525,      "Владимир Эйнштейн"
 526,          "Дарья Боброва"
 527,       "Наталья Брошкина"
 528,       "Василий Васильев"
 529,     "Виктория Медведева"
 530,     "Алевтина Воробьёва"
 531,    "Алевтина Пономарёва"
 532,       "Василий Эйнштейн"
 533,        "София Белоусова"
 534,         "Виктор Никитин"
 535,     "Алевтина Волынская"
 536,        "Василий Абрамов"
 537,          "Елена Боброва"
 538,       "Дмитрий Игнатьев"
 539,          "Анна Абрамова"
 540,       "Альберт Журавлёв"
 541,   "Константин Пономарёв"
 542,        "Алиса Журавлёва"
 543,           "Илья Абрамов"
 544,           "Анна Гришина"
 545,      "Евгений Емельянов"
 546,        "Алевтина Шубина"
 547,           "Анна Иванова"
 548,        "Василий Смирнов"
 549,         "Василий Фадеев"
 550,       "Татьяна Макарова"
 551,     "Татьяна Герасимова"
 552,      "Ирина Овчинникова"
 553,    "Маргарита Селезнёва"
 554,         "Мария Шарапова"
 555,     "Анастасия Сидорова"
 556,           "Яна Одинцова"
 557,        "Василий Моисеев"
 558,         "Виктор Денисов"
 559,        "Анна Харитонова"
 560,      "Александр Колобов"
 561,          "Евгений Фомин"
 562,       "Татьяна Лебедева"
 563,      "Альберт Емельянов"
 564,          "Алиса Шадрина"
 565,        "Елена Ларионова"
 566,        "Геннадий Шадрин"
 567,          "Роман Филатов"
 568,        "Геннадий Бобров"
 569,      "Василиса Макарова"
 570,       "Ирина Герасимова"
 571,     "Владимир Герасимов"
 572,       "Ксения Горбачёва"
 573,        "Владимир Фадеев"
 574,       "Дмитрий Селезнёв"
 575,           "Иван Смирнов"
 576,        "Дарья Ларионова"
 577,          "София Авдеева"
 578,      "Геннадий Горбачёв"
 579,       "Анна Овчинникова"
 580,         "Ольга Никитина"
 581,   "Василий Константинов"
 582,       "Евгений Белоусов"
 583,        "Виктор Эйнштейн"
 584,           "Роман Блохин"
 585,           "Мария Фомина"
 586,           "Иван Яковлев"
 587,     "Константин Шарапов"
 588,          "Ольга Гришина"
 589,          "Мария Шадрина"
 590,         "София Калинина"
 591,      "Анастасия Князева"
 592,        "Руслан Журавлёв"
 593,     "Алевтина Волынская"
 594,         "София Андреева"
 595,        "Алевтина Фомина"
 596,       "Татьяна Лебедева"
 597,       "София Пономарёва"
 598,      "Василиса Филатова"
 599,        "Георгий Макаров"
 600,   "Константин Герасимов"
 601,      "Анатолий Эйнштейн"
 602,          "Яна Ларионова"
 603,     "Анатолий Герасимов"
 604,     "Василиса Некрасова"
 605,      "Александр Никитин"
 606,         "Ольга Яковлева"
 607,        "Елена Ларионова"
 608,    "Маргарита Волынская"
 609,       "Наталья Шарапова"
 610,         "Мария Абрамова"
 611,         "Сергей Абрамов"
 612,     "Валерия Харитонова"
 613,         "Виктор Абрамов"
 614,        "Алиса Белоусова"
 615,     "Алевтина Медведева"
 616,            "Илья Авдеев"
 617,    "Владислав Харитонов"
 618,         "Ксения Гришина"
 619,           "Анна Фадеева"
 620,       "Елена Герасимова"
 621,        "Михаил Игнатьев"
 622,      "Владимир Белоусов"
 623,        "Геннадий Бобров"
 624,          "Анна Одинцова"
 625,       "Василий Белоусов"
 626,          "Иван Белоусов"
 627,      "Маргарита Громова"
 628,    "Алевтина Емельянова"
 629,       "Ольга Харитонова"
 630,      "Александр Калинин"
 631,          "Дарья Шадрина"
 632,        "Алексей Филатов"
 633,         "Василий Гришин"
 634,        "Василий Абрамов"
 635,         "Ольга Андреева"
 636,            "Марк Гришин"
 637,          "Марк Игнатьев"
 638,       "Геннадий Абрамов"
 639,      "Светлана Эйнштейн"
 640,          "Мария Шадрина"
 641,       "Георгий Горбачёв"
 642,           "Илья Денисов"
 643,     "Роман Константинов"
 644,         "Альберт Гришин"
 645,        "Ксения Никитина"
 646,      "Геннадий Медведев"
 647,            "Марк Иванов"
 648,        "Альберт Колобов"
 649,       "Василий Ларионов"
 650,         "Жанна Калинина"
 651,          "Роман Макаров"
 652,      "Владислав Никитин"
 653,         "Руслан Никитин"
 654,         "Алиса Одинцова"
 655,      "Маргарита Князева"
 656,        "Геннадий Громов"
 657,       "Александр Авдеев"
 658,        "Василий Моисеев"
 659,       "Татьяна Никитина"
 660,         "Роман Медведев"
 661,        "Альберт Сидоров"
 662,   "Василиса Овчинникова"
 663,         "Мария Колобова"
 664,        "Ксения Филатова"
 665,       "Наталья Колобова"
 666,         "Дарья Абрамова"
 667,    "Анастасия Селезнёва"
 668,        "Валерия Громова"
 669,          "Ольга Шадрина"
 670,        "Ксения Шарапова"
 671,       "Алиса Емельянова"
 672,       "Ксения Игнатьева"
 673,           "Марк Сидоров"
 674,        "Алиса Селезнёва"
 675,        "Татьяна Фадеева"
 676,    "Анастасия Белоусова"
 677,        "Валерия Боброва"
 678,            "Марк Громов"
 679,      "Анатолий Журавлёв"
 680,          "Виктор Авдеев"
 681,           "Яна Абрамова"
 682,      "Алексей Герасимов"
 683,          "Марк Воробьёв"
 684,       "София Емельянова"
 685,        "Наталья Фадеева"
 686,     "Владислав Ларионов"
 687,      "Георгий Харитонов"
 688,       "Валерия Денисова"
 689,    "Константин Эйнштейн"
 690,    "Василиса Емельянова"
 691,        "Ксения Шарапова"
 692,          "Сергей Авдеев"
 693,         "Сергей Лебедев"
 694,       "Алексей Некрасов"
 695,           "Виктор Фокин"
 696,   "Маргарита Герасимова"
 697,     "Владислав Ларионов"
 698,   "Василий Константинов"
 699,       "Альберт Медведев"
 700,        "Виктория Фокина"
 701,       "Евгений Некрасов"
 702,        "Василиса Шубина"
 703,        "Елена Некрасова"
 704,       "Наталья Абрамова"
 705,           "Илья Брошкин"
 706,         "София Филатова"
 707,        "Алевтина Шубина"
 708,            "Марк Князев"
 709,     "Владимир Герасимов"
 710,           "Иван Колобов"
 711,     "Константин Моисеев"
 712,   "Владислав Виноградов"
 713,        "Георгий Никитин"
 714,          "Альберт Шубин"
 715,           "Ирина Шубина"
 716, "Александр Константинов"
 717,           "Марк Сидоров"
 718,           "Жанна Фокина"
 719,        "Жанна Васильева"
 720,      "Альберт Харитонов"
 721,         "Марк Пономарёв"
 722,       "Анатолий Лебедев"
 723,       "Константин Шубин"
 724,         "Михаил Калинин"
 725,         "Ксения Блохина"
 726,     "Александр Селезнёв"
 727,           "София Фомина"
 728,          "Ирина Боброва"
 729,       "Василиса Князева"
 730,          "Яна Воробьёва"
 731,       "Виктория Шадрина"
 732,        "Дмитрий Макаров"
 733,         "Татьяна Бузова"
 734,        "София Воробьёва"
 735,           "Михаил Фокин"
 736,  "Маргарита Виноградова"
 737,        "Ксения Абрамова"
 738,      "Виктор Виноградов"
 739,          "Илья Шестаков"
 740,         "Ольга Калинина"
 741,      "Наталья Журавлёва"
 742,         "Дарья Брошкина"
 743,     "Геннадий Пономарёв"
 744,    "Наталья Овчинникова"
 745,     "Александр Эйнштейн"
 746,             "Иван Фокин"
 747,            "Илья Гришин"
 748,         "Жанна Брошкина"
 749,       "Ксения Медведева"
 750,     "Маргарита Денисова"
 751,           "Анна Боброва"
 752,           "Иван Макаров"
 753,     "Валерия Герасимова"
 754,       "Александр Иванов"
 755,             "Иван Фокин"
 756,      "Михаил Калашников"
 757,         "Ольга Шарапова"
 758,         "Мария Никитина"
 759,      "Геннадий Селезнёв"
 760,         "Георгий Авдеев"
 761,        "София Воробьёва"
 762,      "Александр Денисов"
 763,      "Владислав Колобов"
 764,        "Валерия Фадеева"
 765,       "Василий Горбачёв"
 766,          "Ольга Иванова"
 767,      "Анастасия Фадеева"
 768,          "Анна Сидорова"
 769,       "Василиса Авдеева"
 770,        "Дарья Васильева"
 771,        "Георгий Одинцов"
 772,         "Марк Волынский"
 773,     "Алевтина Журавлёва"
 774,        "Дмитрий Смирнов"
 775,      "Михаил Овчинников"
 776,         "Михаил Колобов"
 777,      "Виктор Виноградов"
 778,          "Ирина Иванова"
 779,       "Алексей Некрасов"
 780,        "Василиса Шубина"
 781,         "Георгий Гришин"
 782,          "Виктор Громов"
 783,      "Валерия Селезнёва"
 784,         "Ирина Сидорова"
 785,        "Геннадий Фадеев"
 786,         "Анна Васильева"
 787,      "Алевтина Макарова"
 788,         "Виктор Абрамов"
 789,   "Владислав Виноградов"
 790,    "Александр Пономарёв"
 791,       "Валерия Яковлева"
 792,     "Алексей Овчинников"
 793,      "Владимир Селезнёв"
 794,         "Дарья Яковлева"
 795,       "Алевтина Фадеева"
 796,   "Константин Герасимов"
 797,        "Дмитрий Колобов"
 798,        "Наталья Блохина"
 799,      "Анатолий Некрасов"
 800,        "Ксения Макарова"
 801,         "Альберт Иванов"
 802,        "Владислав Жадан"
 803,     "Владислав Журавлёв"
 804, "Василиса Константинова"
 805,       "Елена Герасимова"
 806,      "Георгий Волынский"
 807,  "Валерия Константинова"
 808,        "Алексей Одинцов"
 809,       "Виктория Громова"
 810,       "Анастасия Фокина"
 811,        "Жанна Шестакова"
 812,          "Сергей Шадрин"
 813,          "Роман Филатов"
 814,         "Алиса Одинцова"
 815,           "Алиса Фокина"
 816,     "Василий Виноградов"
 817,            "Марк Шадрин"
 818,          "Мария Блохина"
 819,           "Роман Блохин"
 820,         "Ксения Блохина"
 821,         "Виктор Макаров"
 822,     "Константин Абрамов"
 823,      "Наталья Некрасова"
 824,         "Мария Лебедева"
 825,       "Валерия Колобова"
 826,          "Сергей Фадеев"
 827,         "Мария Смирнова"
 828,        "Жанна Белоусова"
 829,        "Сергей Ларионов"
 830,             "Иван Фокин"
 831,     "Анастасия Денисова"
 832,      "Евгений Харитонов"
 833,        "Алиса Шестакова"
 834,   "Василий Константинов"
 835,       "Владислав Бобров"
 836,      "Евгений Герасимов"
 837,           "Сергей Жадан"
 838,             "Илья Фокин"
 839,         "Алексей Блохин"
 840,     "Георгий Виноградов"
 841,          "Виктор Громов"
 842,         "Виктор Шарапов"
 843,         "София Филатова"
 844,      "Алевтина Одинцова"
 845,       "Владимир Денисов"
 846,       "Василий Игнатьев"
 847,      "София Калашникова"
 848,       "Светлана Авдеева"
 849,       "Виктор Герасимов"
 850,     "Маргарита Смирнова"
 851,           "Руслан Фокин"
 852,       "Анатолий Одинцов"
 853,       "Владислав Фадеев"
 854,         "Дарья Брошкина"
 855,     "Татьяна Герасимова"
 856,         "Марк Харитонов"
 857,            "Анна Фомина"
 858,       "Анатолий Брошкин"
 859,         "Мария Смирнова"
 860,   "Альберт Константинов"
 861,       "Роман Калашников"
 862,         "Дарья Одинцова"
 863,      "Владислав Брошкин"
 864,   "Маргарита Емельянова"
 865,            "Илья Князев"
 866,        "Геннадий Громов"
 867, "Василиса Константинова"
 868,       "Альберт Игнатьев"
 869,      "Алевтина Одинцова"
 870,   "Константин Харитонов"
 871,     "Виктория Шестакова"
 872,         "Ирина Андреева"
 873,        "Виктор Белоусов"
 874,      "София Виноградова"
 875,         "Татьяна Шубина"
 876,       "Анна Овчинникова"
 877,       "Владимир Сидоров"
 878,         "Анна Ларионова"
 879,          "Иван Эйнштейн"
 880,        "Марк Калашников"
 881,         "Мария Денисова"
 882,        "Евгений Филатов"
 883,        "Георгий Андреев"
 884,  "Валерия Константинова"
 885,       "Альберт Шестаков"
 886,        "Наталья Авдеева"
 887,        "Елена Шестакова"
 888,     "Владислав Журавлёв"
 889,        "Татьяна Блохина"
 890,      "Василиса Моисеева"
 891,    "Василиса Харитонова"
 892,      "Алевтина Андреева"
 893,      "Константин Блохин"
 894,       "Евгений Васильев"
 895,         "Михаил Колобов"
 896,       "Владислав Громов"
 897,        "Василий Брошкин"
 898,         "Елена Макарова"
 899,           "Илья Яковлев"
 900,         "Анна Селезнёва"
 901,         "Мария Андреева"
 902,       "Алевтина Авдеева"
 903,    "Александр Герасимов"
 904,           "Иван Колобов"
 905,     "Алевтина Селезнёва"
 906,           "Алиса Бузова"
 907,         "Сергей Одинцов"
 908,        "Геннадий Бобров"
 909,        "Дарья Селезнёва"
 910,       "Евгений Эйнштейн"
 911,      "Мария Калашникова"
 912,           "Яна Калинина"
 913,        "Дарья Горбачёва"
 914,           "Роман Гришин"
 915,       "Татьяна Колобова"
 916,         "Марк Пономарёв"
 917,            "Анна Фокина"
 918,          "Дарья Фадеева"
 919,            "Иван Блохин"
 920,        "Елена Журавлёва"
 921,      "Георгий Емельянов"
 922,    "Анастасия Медведева"
 923,       "Владимир Лебедев"
 924,          "Виктор Блохин"
 925,           "Иван Смирнов"
 926,    "Анастасия Некрасова"
 927,           "Иван Яковлев"
 928,         "Ольга Одинцова"
 929,         "Илья Емельянов"
 930,         "Сергей Абрамов"
 931,       "Алевтина Шадрина"
 932,          "Иван Шестаков"
 933,           "Илья Макаров"
 934,         "Валерия Фомина"
 935,          "Илья Некрасов"
 936,         "Ольга Андреева"
 937,      "Владислав Макаров"
 938,        "Владимир Блохин"
 939,         "Иван Емельянов"
 940,          "Алексей Фокин"
 941,             "Яна Бузова"
 942,        "Василиса Шубина"
 943,          "Михаил Фадеев"
 944,     "Анатолий Волынский"
 945,       "Василиса Авдеева"
 946,         "Ксения Шадрина"
 947,       "Роман Овчинников"
 948,    "Алевтина Герасимова"
 949,     "Светлана Медведева"
 950,      "Светлана Одинцова"
 951,  "Анатолий Константинов"
 952,       "Ольга Харитонова"
 953,  "Маргарита Калашникова"
 954,     "Василиса Васильева"
 955,     "Маргарита Андреева"
 956,           "Иван Никитин"
 957,          "Яна Игнатьева"
 958,        "Яна Овчинникова"
 959,      "Владислав Калинин"
 960,      "Наталья Журавлёва"
 961,    "Владимир Овчинников"
 962,     "Константин Калинин"
 963,     "Константин Андреев"
 964,         "Михаил Калинин"
 965,         "Роман Шестаков"
 966,        "Александр Жадан"
 967,         "Геннадий Шубин"
 968,    "Татьяна Виноградова"
 969,             "Яна Бузова"
 970,         "Марк Харитонов"
 971,        "Алиса Селезнёва"
 972,          "Роман Смирнов"
 973,          "Руслан Бобров"
 974,            "Марк Шадрин"
 975,     "Василиса Селезнёва"
 976,         "София Лебедева"
 977,         "Ольга Яковлева"
 978,         "Василий Блохин"
 979,   "Константин Пономарёв"
 980,     "Василий Виноградов"
 981,       "Дмитрий Воробьёв"
 982,     "Владислав Эйнштейн"
 983,     "Анастасия Никитина"
 984,       "Анатолий Лебедев"
 985,       "Геннадий Денисов"
 986,     "Владимир Пономарёв"
 987,         "Сергей Одинцов"
 988,      "Ольга Калашникова"
 989,       "Дмитрий Шестаков"
 990,          "Ирина Шадрина"
 991,          "София Блохина"
 992, "Василиса Константинова"
 993,          "Роман Шарапов"
 994,     "Ксения Калашникова"
 995,       "Геннадий Андреев"
 996,           "Анна Фадеева"
 997,       "Дмитрий Селезнёв"
 998,         "София Макарова"
 999,          "Альберт Фомин"
1000,         "Виктор Одинцов"
1001,    "Константин Журавлёв"
1002,       "Виктор Пономарёв"
1003,       "Георгий Журавлёв"
1004,      "Василиса Денисова"
1005,       "Татьяна Яковлева"
1006,       "Геннадий Одинцов"
1007,      "Виктория Эйнштейн"
1008,        "Елена Горбачёва"
1009,      "Руслан Калашников"
1010,         "Владимир Фокин"
1011,     "Василиса Некрасова"
1012,     "Василиса Медведева"
1013,          "Альберт Шубин"
1014,       "София Пономарёва"
1015,         "София Одинцова"
1016,    "Валерия Овчинникова"
1017,         "Василий Авдеев"
1018,        "Сергей Шестаков"
1019,        "Татьяна Шадрина"
1020,        "Виктор Некрасов"
1021,         "Илья Волынский"
1022,         "Дарья Смирнова"
1023,         "Евгений Блохин"
1024,        "Ксения Брошкина"
1025,        "Дарья Шестакова"
1026,        "Анатолий Авдеев"
1027,          "Ирина Боброва"
1028,           "Мария Фокина"
1029,        "Жанна Селезнёва"
1030,      "София Калашникова"
1031,         "Сергей Филатов"
1032,   "Алексей Константинов"
1033,       "Геннадий Никитин"
1034,         "Василий Бобров"
1035,         "Михаил Сидоров"
1036,        "Наталья Блохина"
1037,       "Ксения Медведева"
1038,      "Алиса Овчинникова"
1039,        "Алевтина Фомина"
1040,        "Дмитрий Колобов"
1041,         "Руслан Филатов"
1042,         "Жанна Никитина"
1043,        "Руслан Журавлёв"
1044,    "Алевтина Герасимова"
1045,       "Мария Герасимова"
1046,     "Наталья Харитонова"
1047,     "Владислав Медведев"
1048,        "Наталья Авдеева"
1049,          "Евгений Шубин"
1050,         "Василий Гришин"
1051,            "Марк Громов"
1052,          "Ирина Авдеева"
1053,    "Виктория Герасимова"
1054,           "Елена Бузова"
1055,      "Василиса Калинина"
1056,         "Роман Шестаков"
1057,       "Геннадий Сидоров"
1058,     "Алексей Виноградов"
1059,          "Евгений Фокин"
1060,      "Алевтина Абрамова"
1061,    "Маргарита Шестакова"
1062,       "Михаил Пономарёв"
1063,           "Анна Фадеева"
1064,        "Евгений Одинцов"
1065,           "Михаил Фокин"
1066,    "Александр Пономарёв"
1067,           "Мария Фомина"
1068,         "Евгений Князев"
1069,      "Светлана Андреева"
1070,       "Евгений Эйнштейн"
1071,       "Светлана Фадеева"
1072,         "Мария Эйнштейн"
1073,    "Валерия Виноградова"
1074,         "Анатолий Фомин"
1075,          "Ольга Шадрина"
1076,      "Владислав Денисов"
1077,       "Татьяна Моисеева"
1078,          "Елена Блохина"
1079,        "Василий Денисов"
1080,             "Яна Бузова"
1081,        "Михаил Журавлёв"
1082,         "Елена Андреева"
1083,        "Алексей Колобов"
1084,          "Сергей Шадрин"
1085,           "Анна Гришина"
1086,      "Владимир Медведев"
1087,          "Альберт Шубин"
1088,          "Альберт Жадан"
1089,           "Яна Колобова"
1090,    "Виктория Пономарёва"
1091,        "Евгений Денисов"
1092,     "Анастасия Филатова"
1093,          "Иван Медведев"
1094,          "Жанна Громова"
1095,     "Ксения Калашникова"
1096,      "Алиса Виноградова"
1097,            "Роман Фокин"
1098,           "Руслан Фокин"
1099,     "Маргарита Эйнштейн"
1100,          "Ирина Иванова"
1101,   "Василиса Овчинникова"
1102,        "Татьяна Фадеева"
1103,      "Валерия Игнатьева"
1104,          "Георгий Фомин"
1105,  "Анастасия Калашникова"
1106,       "Ксения Медведева"
1107,        "Руслан Некрасов"
1108,          "Роман Шарапов"
1109,       "Мария Харитонова"
1110,          "Альберт Жадан"
1111,          "Илья Эйнштейн"
1112,   "Маргарита Герасимова"
1113,        "Виктор Шестаков"
1114,      "Владимир Игнатьев"
1115,        "Алексей Колобов"
1116,      "Алексей Емельянов"
1117,      "Маргарита Блохина"
1118,"Маргарита Константинова"
1119,          "Алиса Князева"
1120,     "Василиса Некрасова"
1121,       "Владимир Абрамов"
1122,     "Анастасия Лебедева"
1123,        "Александр Шубин"
1124,         "Евгений Иванов"
1125,          "Жанна Блохина"
1126,         "Георгий Громов"
1127,        "Владислав Жадан"
1128,         "Жанна Андреева"
1129,      "Геннадий Некрасов"
1130,        "Евгений Андреев"
1131,     "Владислав Селезнёв"
1132,            "Яна Иванова"
1133,      "Василиса Эйнштейн"
1134,           "Сергей Шубин"
1135,         "Михаил Брошкин"
1136,        "Ольга Белоусова"
1137,        "Евгений Лебедев"
1138,     "Константин Моисеев"
1139,          "Георгий Жадан"
1140,           "Илья Никитин"
1141,          "Анна Яковлева"
1142,   "Виктория Виноградова"
1143,       "Анатолий Лебедев"
1144,       "Маргарита Фомина"
1145,        "София Волынская"
1146,          "Георгий Жадан"
1147,     "Владимир Емельянов"
1148,         "Василий Иванов"
1149,         "Дарья Эйнштейн"
1150,      "Георгий Харитонов"
1151,     "Виктория Васильева"
1152,           "Марк Моисеев"
1153,     "Евгений Овчинников"
1154,          "Ксения Фокина"
1155,      "Валерия Белоусова"
1156,     "Анастасия Макарова"
1157,     "Анастасия Сидорова"
1158,         "Елена Сидорова"
1159,    "Виктор Константинов"
1160, "Виктория Константинова"
1161,         "София Денисова"
1162,       "Геннадий Брошкин"
1163,         "Илья Харитонов"
1164,       "Георгий Игнатьев"
1165,        "Валерия Блохина"
1166,        "Елена Горбачёва"
1167,        "Ольга Игнатьева"
1168,     "Константин Яковлев"
1169,           "Марк Колобов"
1170,        "Сергей Эйнштейн"
1171,      "Константин Громов"
1172,           "Дарья Шубина"
1173,        "Дмитрий Шарапов"
1174,        "Альберт Шарапов"
1175,       "Алексей Селезнёв"
1176,         "Владимир Фомин"
1177,        "Валерия Гришина"
1178,          "Василий Жадан"
1179,         "Ирина Абрамова"
1180,       "Наталья Калинина"
1181,      "Михаил Овчинников"
1182,   "Алевтина Калашникова"
1183,      "Анастасия Громова"
1184,         "Роман Селезнёв"
1185,         "Владимир Жадан"
1186,          "Ольга Громова"
1187,  "Константин Калашников"
1188,            "Яна Князева"
1189,        "Альберт Калинин"
1190,      "Алевтина Колобова"
1191,           "Мария Шубина"
1192,     "Анастасия Андреева"
1193,        "Сергей Васильев"
1194,        "Валерия Авдеева"
1195,        "Ксения Колобова"
1196,        "Георгий Абрамов"
1197,       "Василий Горбачёв"
1198,        "Алексей Андреев"
1199,          "Роман Сидоров"
1200,       "Татьяна Смирнова"
1201,     "Александр Горбачёв"
1202,       "Виктор Харитонов"
1203,     "Роман Константинов"
1204,        "Жанна Игнатьева"
1205,    "Константин Некрасов"
1206,           "Ирина Фокина"
1207,         "Ксения Блохина"
1208,          "Елена Гришина"
1209,       "Геннадий Денисов"
1210,       "Георгий Журавлёв"
1211,         "Марк Харитонов"
1212,         "Дарья Лебедева"
1213,        "Елена Белоусова"
1214,         "София Колобова"
1215,          "Илья Медведев"
1216,      "София Овчинникова"
1217,        "Руслан Горбачёв"
1218,           "Анна Гришина"
1219,         "Руслан Лебедев"
1220,         "Ирина Сидорова"
1221,            "Марк Громов"
1222,         "Анна Некрасова"
1223,           "Анна Иванова"
1224,     "Ксения Виноградова"
1225,        "Наталья Князева"
1226,        "Евгений Сидоров"
1227,       "Анастасия Бузова"
1228,        "Руслан Воробьёв"
1229,          "Дарья Гришина"
1230,    "Анастасия Журавлёва"
1231,      "Владислав Филатов"
1232,        "Роман Герасимов"
1233,         "Владимир Жадан"
1234,         "Геннадий Фомин"
1235,      "Светлана Лебедева"
1236,       "Виктор Емельянов"
1237,      "Анастасия Гришина"
1238,       "Виктория Шадрина"
1239,       "Виктор Емельянов"
1240,          "Дмитрий Жадан"
1241,    "Владислав Герасимов"
1242,         "Алиса Абрамова"
1243,       "Ольга Герасимова"
1244,    "Константин Горбачёв"
1245,      "Владимир Некрасов"
1246,       "Татьяна Филатова"
1247,     "Анатолий Пономарёв"
1248,       "Анастасия Фокина"
1249,         "Алексей Князев"
1250,      "Алевтина Никитина"
1251,        "Алиса Ларионова"
1252,        "Дмитрий Денисов"
1253,      "Александр Колобов"
1254,     "Геннадий Волынский"
1255,          "Дарья Авдеева"
1256,         "Ольга Одинцова"
1257,       "Альберт Шестаков"
1258,   "Алевтина Овчинникова"
1259,  "Валерия Константинова"
1260,        "Наталья Фадеева"
1261,      "Александр Абрамов"
1262,       "Наталья Эйнштейн"
1263,      "Татьяна Васильева"
1264,         "Георгий Шадрин"
1265,        "Виктор Некрасов"
1266,     "Георгий Калашников"
1267,       "Василиса Князева"
1268,    "Светлана Пономарёва"
1269,         "Дарья Смирнова"
1270,     "Владимир Харитонов"
1271,    "Анастасия Журавлёва"
1272,          "Мария Авдеева"
1273,          "Жанна Шадрина"
1274,        "Елена Воробьёва"
1275,        "Евгений Одинцов"
1276, "Владислав Константинов"
1277,      "Светлана Филатова"
1278,   "Маргарита Пономарёва"
1279,     "Валерия Пономарёва"
1280,         "Ксения Блохина"
1281,          "Анна Колобова"
1282,          "Ирина Громова"
1283,   "Анастасия Емельянова"
1284,       "Елена Емельянова"
1285,         "Алиса Колобова"
1286,        "Валерия Боброва"
1287,   "Константин Волынский"
1288,     "Анна Константинова"
1289,         "Дмитрий Иванов"
1290,        "Сергей Васильев"
1291,        "Руслан Шестаков"
1292,       "Валерия Моисеева"
1293,       "Татьяна Смирнова"
1294,        "Евгений Брошкин"
1295,         "Ирина Филатова"
1296,        "Наталья Блохина"
1297,       "Светлана Шадрина"
1298,          "Мария Громова"
1299,          "Иван Воробьёв"
1300,      "Валерия Журавлёва"
1301,     "Александр Горбачёв"
1302,        "Виктория Шубина"
1303,      "Анастасия Гришина"
1304,     "Маргарита Одинцова"
1305,        "Светлана Фокина"
1306,       "Анастасия Фокина"
1307,     "Светлана Селезнёва"
1308,             "Марк Жадан"
1309,       "Светлана Иванова"
1310,         "Жанна Яковлева"
1311,       "Евгений Медведев"
1312,        "Геннадий Шадрин"
1313,      "Алексей Емельянов"
1314,      "Дарья Калашникова"
1315,      "Наталья Волынская"
1316,     "Владимир Харитонов"
1317,       "Татьяна Денисова"
1318,       "Ксения Воробьёва"
1319,       "Василий Васильев"
1320,     "Маргарита Одинцова"
1321,     "Константин Андреев"
1322,        "Георгий Никитин"
1323,        "Анатолий Бобров"
1324,         "Анатолий Шубин"
1325,         "Мария Колобова"
1326,          "Елена Громова"
1327,     "Анастасия Сидорова"
1328,          "Евгений Фокин"
1329,      "Анатолий Журавлёв"
1330,       "Василий Некрасов"
1331,           "Ольга Фомина"
1332,        "Василий Колобов"
1333,        "Алексей Никитин"
1334,       "Мария Герасимова"
1335,      "Константин Шадрин"
1336,        "Евгений Лебедев"
1337,    "Маргарита Горбачёва"
1338,     "Светлана Некрасова"
1339,          "Дарья Шадрина"
1340,       "Наталья Брошкина"
1341,           "Яна Калинина"
1342,     "Владислав Журавлёв"
1343,        "Жанна Горбачёва"
1344,           "Роман Гришин"
1345,     "Маргарита Абрамова"
1346,         "Сергей Филатов"
1347,       "Наталья Сидорова"
1348,      "Василиса Лебедева"
1349,   "Константин Волынский"
1350,     "Маргарита Филатова"
1351,         "Дарья Одинцова"
1352,        "Михаил Воробьёв"
1353,         "Василий Авдеев"
1354,   "Константин Пономарёв"
1355,        "Ксения Калинина"
1356,      "Ольга Калашникова"
1357,       "Ксения Селезнёва"
1358,            "Илья Иванов"
1359,          "Иван Журавлёв"
1360,   "Александр Овчинников"
1361,        "Мария Некрасова"
1362,      "Татьяна Воробьёва"
1363,     "Маргарита Колобова"
1364,     "Владислав Селезнёв"
1365,     "Александр Шестаков"
1366,     "Геннадий Волынский"
1367,         "Евгений Фадеев"
1368,         "Ольга Шарапова"
1369,          "Алиса Фадеева"
1370,         "Алиса Яковлева"
1371,           "Анна Шадрина"
1372,        "Елена Воробьёва"
1373,       "Наталья Эйнштейн"
1374,        "Алиса Горбачёва"
1375,     "Алевтина Селезнёва"
1376,     "Анастасия Смирнова"
1377,         "Руслан Шарапов"
1378,        "Владимир Фадеев"
1379,       "Василий Белоусов"
1380,     "Анастасия Одинцова"
1381,       "Виктория Фадеева"
1382,           "Мария Фомина"
1383,     "Александр Воробьёв"
1384,        "Евгений Андреев"
1385,           "Дарья Бузова"
1386,    "Владислав Волынский"
1387,           "Руслан Жадан"
1388,      "Елена Калашникова"
1389,           "Анна Гришина"
1390,            "Яна Авдеева"
1391,       "Альберт Васильев"
1392,        "Алиса Васильева"
1393,    "Виктория Пономарёва"
1394,          "Михаил Гришин"
1395,        "Георгий Филатов"
1396,      "Евгений Харитонов"
1397,        "Дмитрий Филатов"
1398,        "Анатолий Гришин"
1399,        "Ольга Воробьёва"
1400,        "Ольга Игнатьева"
1401,          "Георгий Жадан"
1402,           "Иван Колобов"
1403,         "Ирина Брошкина"
1404,       "Ксения Селезнёва"
1405,         "Алиса Шарапова"
1406,       "Анатолий Моисеев"
1407,    "Анатолий Калашников"
1408,           "Илья Яковлев"
1409,       "Альберт Горбачёв"
1410,          "Иван Селезнёв"
1411,         "Алиса Макарова"
1412,          "Иван Белоусов"
1413,        "Елена Воробьёва"
1414,         "Дмитрий Гришин"
1415,        "Валерия Фадеева"
1416,    "Ирина Константинова"
1417,           "Елена Фокина"
1418,          "Илья Селезнёв"
1419,        "Георгий Смирнов"
1420,      "Владислав Шарапов"
1421,        "Сергей Ларионов"
1422,       "Анатолий Никитин"
1423,          "Яна Журавлёва"
1424,      "Алевтина Моисеева"
1425,      "Ольга Овчинникова"
1426,       "София Пономарёва"
1427,         "Виктор Андреев"
1428,         "Елена Брошкина"
1429,       "Анастасия Шубина"
1430,       "Геннадий Смирнов"
1431,   "Виктория Овчинникова"
1432,       "Дмитрий Игнатьев"
1433,          "Мария Блохина"
1434,     "Анастасия Колобова"
1435,        "Геннадий Фадеев"
1436,      "Владимир Эйнштейн"
1437,        "Геннадий Князев"
1438,        "Алиса Воробьёва"
1439,       "Альберт Шестаков"
1440,      "Геннадий Белоусов"
1441,      "Алевтина Сидорова"
1442,     "Маргарита Лебедева"
1443,       "Руслан Харитонов"
1444,      "Виктория Калинина"
1445,      "Владислав Никитин"
1446,          "Сергей Иванов"
1447,          "Елена Шадрина"
1448,      "Анатолий Белоусов"
1449,     "Геннадий Емельянов"
1450,     "Виктория Волынская"
1451,        "Елена Медведева"
1452,     "Владислав Ларионов"
1453,       "Альберт Некрасов"
1454,    "София Константинова"
1455,       "Руслан Пономарёв"
1456,         "Руслан Никитин"
1457,        "Евгений Колобов"
1458,            "Марк Князев"
1459,         "Ольга Денисова"
1460,      "Виктория Макарова"
1461,     "Алексей Овчинников"
1462,     "Владислав Шестаков"
1463,        "Михаил Селезнёв"
1464,       "Владимир Шарапов"
1465,        "Михаил Воробьёв"
1466,       "Маргарита Шубина"
1467,       "Елена Емельянова"
1468,         "Роман Игнатьев"
1469,       "Альберт Эйнштейн"
1470,          "Ирина Гришина"
1471,       "Алевтина Иванова"
1472,        "Виктория Фомина"
1473,           "Иван Брошкин"
1474,      "Яна Константинова"
1475,       "Татьяна Филатова"
1476,      "Светлана Денисова"
1477,          "Анна Смирнова"
1478,      "Виктория Андреева"
1479,   "Анастасия Герасимова"
1480,       "Георгий Воробьёв"
1481,         "Елена Смирнова"
1482,    "Наталья Овчинникова"
1483,       "Валерия Абрамова"
1484,      "Александр Никитин"
1485,      "Валерия Медведева"
1486,     "Константин Сидоров"
1487,          "Роман Смирнов"
1488,           "Алиса Бузова"
1489,      "Татьяна Белоусова"
1490,        "Елена Некрасова"
1491,     "Светлана Журавлёва"
1492,      "Яна Константинова"
1493,       "Василиса Громова"
1494,           "Яна Абрамова"
1495,           "Яна Калинина"
1496,     "Константин Макаров"
1497,    "Маргарита Белоусова"
1498,          "Илья Медведев"
1499,        "Георгий Филатов"
1500,          "Мария Блохина"
1501,        "Елена Журавлёва"
1502,         "Ольга Сидорова"
1503,      "Василиса Андреева"
1504,      "Анастасия Боброва"
1505,   "Константин Волынский"
1506,        "Владислав Шубин"
1507,       "Валерия Смирнова"
1508,       "Георгий Эйнштейн"
1509,         "Георгий Бобров"
1510,       "Руслан Пономарёв"
1511,   "Маргарита Емельянова"
1512,   "Анастасия Пономарёва"
1513,   "Василиса Виноградова"
1514,       "Татьяна Моисеева"
1515,         "Ирина Моисеева"
1516,        "Жанна Волынская"
1517,   "Виктория Калашникова"
1518,       "Василий Горбачёв"
1519,    "Анастасия Селезнёва"
1520,        "Ирина Шестакова"
1521,   "Анастасия Харитонова"
1522,          "Роман Абрамов"
1523,       "Георгий Горбачёв"
1524,             "Яна Шубина"
1525,          "Василий Фомин"
1526,           "Руслан Шубин"
1527,       "Виктор Волынский"
1528,      "Алевтина Одинцова"
1529,         "София Эйнштейн"
1530,       "Виктор Пономарёв"
1531,    "Алевтина Герасимова"
1532,       "Алиса Емельянова"
1533,        "Анна Пономарёва"
1534,        "Алиса Ларионова"
1535,         "Виктор Андреев"
1536,         "Ольга Колобова"
1537,         "Ольга Абрамова"
1538,       "Геннадий Лебедев"
1539,       "Александр Фадеев"
1540,      "Константин Бобров"
1541,          "Ольга Боброва"
1542,        "Руслан Медведев"
1543,          "Ольга Громова"
1544,      "Иван Константинов"
1545,           "Иван Колобов"
1546,        "Георгий Филатов"
1547,          "Евгений Фомин"
1548,      "Василиса Брошкина"
1549,          "Михаил Авдеев"
1550,          "Елена Гришина"
1551,        "Ксения Смирнова"
1552,        "Альберт Брошкин"
1553,     "Василий Виноградов"
1554,         "Владимир Жадан"
1555,    "Маргарита Волынская"
1556,         "София Лебедева"
1557,         "Елена Денисова"
1558,         "Анатолий Фомин"
1559,        "Светлана Бузова"
1560,         "Ольга Андреева"
1561,       "Владимир Одинцов"
1562,     "Василиса Белоусова"
1563,        "Альберт Лебедев"
1564,     "Алевтина Селезнёва"
1565,        "Евгений Яковлев"
1566,        "Ксения Одинцова"
1567,           "Ольга Бузова"
1568,         "Алексей Громов"
1569,        "Светлана Бузова"
1570,       "Владимир Никитин"
1571,         "Евгений Князев"
1572,        "София Журавлёва"
1573,           "Яна Филатова"
1574,           "Алиса Шубина"
1575,           "Иван Андреев"
1576,    "Виктория Пономарёва"
1577,        "Альберт Моисеев"
1578,        "Сергей Медведев"
1579,      "Дмитрий Волынский"
1580,          "Сергей Блохин"
1581,         "Владимир Фокин"
1582,    "Анатолий Овчинников"
1583,         "София Одинцова"
1584,        "София Ларионова"
1585,       "Татьяна Макарова"
1586,      "Геннадий Горбачёв"
1587,        "Роман Харитонов"
1588,        "Виктор Некрасов"
1589,       "Валерия Одинцова"
1590,           "Марк Денисов"
1591,         "Алиса Шарапова"
1592,          "Виктор Иванов"
1593,           "Роман Блохин"
1594,          "Виктор Иванов"
1595,       "Анатолий Одинцов"
1596,       "Анатолий Яковлев"
1597,      "Александр Смирнов"
1598,          "Сергей Блохин"
1599,         "Виктор Шарапов"
1600,          "Роман Макаров"
1601,       "Георгий Шестаков"
1602,         "Ольга Калинина"
1603,           "Анна Иванова"
1604,         "Руслан Андреев"
1605,        "Яна Овчинникова"
1606,      "Александр Колобов"
1607,      "Василиса Филатова"
1608,    "Константин Воробьёв"
1609,     "Алевтина Медведева"
1610,           "Яна Никитина"
1611,     "Светлана Белоусова"
1612,        "Алевтина Шубина"
1613,  "Константин Виноградов"
1614,       "Дарья Емельянова"
1615,       "Михаил Емельянов"
1616,    "Анастасия Игнатьева"
1617,      "Альберт Харитонов"
1618,     "Владислав Васильев"
1619,    "Маргарита Горбачёва"
1620,      "Анастасия Шадрина"
1621,         "Елена Яковлева"
1622,       "Татьяна Андреева"
1623,          "Ирина Князева"
1624,          "Ирина Гришина"
1625,      "Дарья Овчинникова"
1626,          "Илья Горбачёв"
1627,       "Руслан Пономарёв"
1628,       "Владислав Авдеев"
1629,        "Алексей Шарапов"
1630,       "Наталья Абрамова"
1631,       "Василий Игнатьев"
1632,         "Дарья Абрамова"
1633,            "Иван Князев"
1634,           "Сергей Фомин"
1635,         "Ирина Лебедева"
1636,          "Иван Горбачёв"
1637,      "Ксения Герасимова"
1638,        "Ксения Колобова"
1639,"Константин Константинов"
1640,    "Маргарита Белоусова"
1641,  "Маргарита Калашникова"
1642,         "Дмитрий Шадрин"
1643,         "Евгений Авдеев"
1644,         "Анна Шестакова"
1645,       "Алексей Медведев"
1646,        "Альберт Колобов"
1647,      "Анатолий Селезнёв"
1648,     "Геннадий Пономарёв"
1649,       "Геннадий Яковлев"
1650,           "Яна Брошкина"
1651,       "Василиса Фадеева"
1652,      "Александр Филатов"
1653,    "Анастасия Селезнёва"
1654,         "Иван Емельянов"
1655,       "Наталья Эйнштейн"
1656,        "Сергей Селезнёв"
1657,        "Жанна Васильева"
1658,       "Маргарита Фомина"
1659,      "Геннадий Медведев"
1660,    "Константин Шестаков"
1661,        "Елена Медведева"
1662,          "Марк Игнатьев"
1663,          "Георгий Фомин"
1664,     "Владимир Волынский"
1665,         "Ольга Брошкина"
1666,       "Наталья Абрамова"
1667,       "Геннадий Филатов"
1668,           "Руслан Шубин"
1669,     "Маргарита Шарапова"
1670,           "Марк Яковлев"
1671,       "Ксения Васильева"
1672,   "Алексей Константинов"
1673,        "Алексей Андреев"
1674,          "Роман Смирнов"
1675,          "Роман Брошкин"
1676,       "Геннадий Андреев"
1677,           "Марк Шарапов"
1678,       "Ксения Васильева"
1679,         "Елена Денисова"
1680,         "Виктор Денисов"
1681,        "Алиса Шестакова"
1682,   "Маргарита Емельянова"
1683,        "Светлана Бузова"
1684,      "Алевтина Калинина"
1685,           "Иван Смирнов"
1686,      "Татьяна Селезнёва"
1687,       "Дмитрий Журавлёв"
1688,        "Жанна Селезнёва"
1689,           "Иван Абрамов"
1690,          "Георгий Фомин"
1691,          "Дарья Громова"
1692,           "Иван Смирнов"
1693,   "Василиса Виноградова"
1694,        "Наталья Шадрина"
1695,      "Алексей Герасимов"
1696,         "Алексей Князев"
1697,   "Маргарита Емельянова"
1698,           "Марк Сидоров"
1699,       "Татьяна Абрамова"
1700,           "Марк Сидоров"
1701,        "Дмитрий Андреев"
1702,       "Дмитрий Некрасов"
1703,        "Татьяна Гришина"
1704,        "Мария Белоусова"
1705,          "Анна Шарапова"
1706,          "Ольга Иванова"
1707,      "Виктория Одинцова"
1708,          "Алексей Фомин"
1709,       "Татьяна Филатова"
1710,       "Василий Шестаков"
1711,         "Сергей Одинцов"
1712,     "Светлана Журавлёва"
1713,      "София Овчинникова"
1714,          "Руслан Авдеев"
1715,        "Ольга Белоусова"
1716,        "Евгений Одинцов"
1717,     "Валерия Пономарёва"
1718,           "Илья Филатов"
1719,        "Георгий Одинцов"
1720,         "Дмитрий Гришин"
1721,      "Алевтина Андреева"
1722,   "Маргарита Герасимова"
1723,         "Ольга Брошкина"
1724,      "Константин Гришин"
1725,       "Руслан Харитонов"
1726,      "Татьяна Волынская"
1727,        "Василий Лебедев"
1728,         "Алиса Андреева"
1729,     "Анастасия Никитина"
1730,       "Михаил Пономарёв"
1731,        "Иван Виноградов"
1732,       "Алексей Эйнштейн"
1733,        "Ирина Игнатьева"
1734,          "Алексей Фокин"
1735,    "Маргарита Ларионова"
1736,        "Алиса Воробьёва"
1737,     "Геннадий Герасимов"
1738,        "Дарья Некрасова"
1739,        "Мария Воробьёва"
1740,           "Роман Бобров"
1741,         "Сергей Смирнов"
1742,        "Виктория Бузова"
1743,         "Руслан Яковлев"
1744,        "Алексей Шарапов"
1745,           "Иван Денисов"
1746,     "Виктория Горбачёва"
1747,     "Светлана Воробьёва"
1748,       "Валерия Никитина"
1749,         "Иван Емельянов"
1750,            "Иван Блохин"
1751,       "Ксения Шестакова"
1752,          "София Иванова"
1753,          "Роман Калинин"
1754,             "Илья Жадан"
1755,      "Илья Константинов"
1756,           "Илья Калинин"
1757,       "Ксения Белоусова"
1758,         "Дарья Лебедева"
1759,     "Дмитрий Овчинников"
1760,       "Дарья Герасимова"
1761,         "Сергей Шарапов"
1762,          "Жанна Боброва"
1763,        "Владимир Блохин"
1764,      "Алевтина Никитина"
1765,         "Виктор Макаров"
1766,        "Сергей Воробьёв"
1767,           "Яна Моисеева"
1768,     "Владимир Пономарёв"
1769,        "Яна Овчинникова"
1770,           "Яна Лебедева"
1771,       "Алиса Пономарёва"
1772,   "Георгий Константинов"
1773,     "Маргарита Сидорова"
1774,       "Татьяна Никитина"
1775,        "Владислав Фомин"
1776,       "Дмитрий Медведев"
1777,        "Михаил Селезнёв"
1778,        "Светлана Шубина"
1779,         "Георгий Авдеев"
1780,         "Роман Васильев"
1781,     "Василиса Васильева"
1782,        "Василиса Фомина"
1783,           "Яна Яковлева"
1784,        "Евгений Андреев"
1785,          "Георгий Фомин"
1786,       "Светлана Авдеева"
1787,      "Владислав Смирнов"
1788,          "Иван Воробьёв"
1789,       "Анатолий Колобов"
1790,        "Наталья Громова"
1791,      "Ирина Овчинникова"
1792,        "Валерия Фадеева"
1793,      "Геннадий Шестаков"
1794,         "Георгий Фадеев"
1795,         "Василий Шадрин"
1796,         "Жанна Никитина"
1797,         "София Макарова"
1798,          "Сергей Авдеев"
1799,         "Анна Медведева"
1800,          "Илья Ларионов"
1801,      "Виктория Филатова"
1802,         "Сергей Яковлев"
1803,      "Константин Бобров"
1804,       "Наталья Денисова"
1805,          "Алиса Князева"
1806,      "Анатолий Некрасов"
1807,         "Алиса Яковлева"
1808,            "Марк Фадеев"
1809,        "Мария Журавлёва"
1810,         "Василий Фадеев"
1811,    "Маргарита Васильева"
1812,        "Евгений Одинцов"
1813,        "Виктор Журавлёв"
1814,           "Иван Брошкин"
1815,         "Владимир Фокин"
1816,         "Сергей Одинцов"
1817,       "Дмитрий Медведев"
1818,        "Георгий Никитин"
1819,     "Маргарита Абрамова"
1820,       "Василий Шестаков"
1821,       "Анатолий Никитин"
1822,"Анастасия Константинова"
1823,    "Константин Ларионов"
1824,       "Алексей Медведев"
1825,       "Елена Пономарёва"
1826,        "Ирина Шестакова"
1827,          "Марк Шестаков"
1828,         "Наталья Бузова"
1829,    "Валерия Калашникова"
1830,    "Константин Игнатьев"
1831,      "Владимир Игнатьев"
1832,       "Сергей Пономарёв"
1833,     "Анастасия Эйнштейн"
1834,           "Иван Лебедев"
1835,         "Алексей Блохин"
1836,        "Евгений Моисеев"
1837,          "Георгий Жадан"
1838,        "Ксения Брошкина"
1839,     "Алексей Овчинников"
1840,        "Роман Герасимов"
1841,         "Георгий Фадеев"
1842,          "Сергей Бобров"
1843,          "Роман Никитин"
1844,             "Яна Фокина"
1845,          "Роман Сидоров"
1846,    "Владимир Калашников"
1847,        "Евгений Лебедев"
1848,           "Илья Макаров"
1849,         "Михаил Абрамов"
1850,     "Светлана Ларионова"
1851,       "Мария Герасимова"
1852,       "Василиса Фадеева"
1853,          "Роман Одинцов"
1854,          "Алексей Жадан"
1855,       "Мария Герасимова"
1856,       "Геннадий Шарапов"
1857,        "Василий Колобов"
1858,         "Иван Герасимов"
1859,          "Марк Игнатьев"
1860,       "Владимир Шарапов"
1861,      "Валерия Белоусова"
1862,          "Евгений Жадан"
1863,     "Анатолий Волынский"
1864,       "Ксения Воробьёва"
1865,         "София Эйнштейн"
1866,        "Жанна Медведева"
1867,          "София Гришина"
1868,          "Ирина Блохина"
1869,        "Михаил Ларионов"
1870,       "Виктор Пономарёв"
1871,         "Альберт Громов"
1872,         "Михаил Андреев"
1873,     "Виктория Селезнёва"
1874,    "Анатолий Овчинников"
1875,           "Иван Андреев"
1876,        "Елена Белоусова"
1877,         "Виктор Филатов"
1878,        "Елена Воробьёва"
1879,         "Руслан Андреев"
1880,      "Анатолий Шестаков"
1881,         "Виктор Макаров"
1882,        "Виктория Фокина"
1883,        "Наталья Гришина"
1884,             "Яна Бузова"
1885,       "Василий Медведев"
1886,        "Елена Васильева"
1887,        "Ксения Филатова"
1888,         "Анна Журавлёва"
1889,      "Георгий Волынский"
1890,        "Ольга Волынская"
1891,     "Анастасия Филатова"
1892,      "Анатолий Селезнёв"
1893,      "Наталья Шестакова"
1894,        "Владимир Иванов"
1895,       "Валерия Сидорова"
1896,        "София Белоусова"
1897,      "Виктория Яковлева"
1898,          "Михаил Бобров"
1899,        "Виктор Воробьёв"
1900,      "Анатолий Белоусов"
1901,      "Александр Смирнов"
1902,         "Ирина Шарапова"
1903,         "Елена Филатова"
1904,            "Яна Князева"
1905,          "Руслан Бобров"
1906,     "Анастасия Одинцова"
1907,      "Василиса Моисеева"
1908,       "Маргарита Бузова"
1909,        "Георгий Брошкин"
1910,  "Анастасия Калашникова"
1911,        "Георгий Сидоров"
1912,    "Владимир Калашников"
1913,       "Наталья Яковлева"
1914,       "Руслан Емельянов"
1915,     "Анастасия Андреева"
1916,       "Ирина Пономарёва"
1917,      "Альберт Емельянов"
1918,   "Александр Виноградов"
1919,         "Анна Журавлёва"
1920,     "Владимир Емельянов"
1921,         "Жанна Никитина"
1922,      "Константин Громов"
1923,        "Алиса Воробьёва"
1924,          "Алиса Князева"
1925,        "Татьяна Громова"
1926,    "Валерия Калашникова"
1927,         "Дарья Андреева"
1928,         "Анна Ларионова"
1929,        "Евгений Моисеев"
1930,        "София Шестакова"
1931,          "Сергей Шадрин"
1932,      "Василиса Макарова"
1933,      "Алевтина Калинина"
1934,    "Александр Герасимов"
1935,         "Евгений Громов"
1936,     "Василиса Волынская"
1937,     "Константин Брошкин"
1938,           "Анна Шадрина"
1939,      "Светлана Смирнова"
1940,     "Алексей Виноградов"
1941,        "Алевтина Фомина"
1942,          "Елена Боброва"
1943,       "Сергей Волынский"
1944,    "Наталья Калашникова"
1945,           "Ольга Бузова"
1946,        "Георгий Денисов"
1947,      "Анатолий Селезнёв"
1948,            "Анна Фокина"
1949,           "София Бузова"
1950,         "Елена Филатова"
1951,        "Светлана Фокина"
1952,     "Константин Сидоров"
1953,       "Анастасия Бузова"
1954,         "Татьяна Фомина"
1955,           "Иван Колобов"
1956,         "Мария Денисова"
1957,         "Сергей Сидоров"
1958,        "София Белоусова"
1959,         "Роман Ларионов"
1960,      "Татьяна Белоусова"
1961,      "Маргарита Блохина"
1962,         "София Эйнштейн"
1963,    "Василиса Харитонова"
1964,         "Георгий Гришин"
1965,        "Михаил Белоусов"
1966,       "Татьяна Абрамова"
1967,       "Анна Овчинникова"
1968,       "Василиса Авдеева"
1969,         "Роман Шестаков"
1970,        "Евгений Яковлев"
1971,          "Ольга Иванова"
1972,     "Александр Шестаков"
1973,         "Альберт Фадеев"
1974,          "Яна Васильева"
1975,        "Жанна Журавлёва"
1976,      "Татьяна Шестакова"
1977,          "Роман Калинин"
1978,          "Руслан Фадеев"
1979,       "Георгий Медведев"
1980,         "Мария Андреева"
1981,        "Мария Медведева"
1982,        "Ольга Селезнёва"
1983,           "Анна Боброва"
1984,        "Яна Калашникова"
1985,          "Дарья Гришина"
1986,       "Валерия Смирнова"
1987,         "Виктор Моисеев"
1988,        "Ольга Некрасова"
1989,     "Василиса Васильева"
1990,          "Иван Горбачёв"
1991,        "Владимир Фадеев"
1992,        "Мария Воробьёва"
1993,      "Дмитрий Пономарёв"
1994,         "Мария Макарова"
1995,           "Яна Денисова"
1996,     "Алевтина Журавлёва"
1997,            "Марк Авдеев"
1998,        "Дмитрий Денисов"
1999,        "Александр Шубин"
2000,      "Алевтина Макарова"
2001,     "Александр Ларионов"
2002,     "Маргарита Эйнштейн"
2003,         "Виктор Калинин"
2004,       "София Харитонова"
2005,     "Алевтина Игнатьева"
2006,   "Анастасия Герасимова"
2007,         "Михаил Макаров"
2008,      "Василиса Макарова"
2009,          "Михаил Бобров"
2010,         "София Колобова"
2011,         "Елена Калинина"
2012,         "Руслан Брошкин"
2013,      "Алевтина Брошкина"
2014,     "Маргарита Денисова"
2015,          "Роман Абрамов"
2016,          "Анна Лебедева"
2017,       "Александр Князев"
2018,         "Дмитрий Блохин"
2019,      "Валерия Медведева"
2020,      "Владимир Воробьёв"
2021,         "Руслан Калинин"
2022,           "Дарья Шубина"
2023,             "Илья Шубин"
2024,       "Михаил Пономарёв"
2025,        "Наталья Иванова"
2026,   "Алексей Константинов"
2027,     "Анастасия Шарапова"
2028,      "Владислав Филатов"
2029,         "Евгений Бобров"
2030,          "Илья Васильев"
2031,       "Геннадий Филатов"
2032,        "Наталья Громова"
2033,          "Анна Калинина"
2034,         "София Лебедева"
2035,         "Георгий Бобров"
2036,           "Марк Калинин"
2037,          "Иван Эйнштейн"
2038,         "Дарья Брошкина"
2039,       "Ксения Медведева"
2040,       "Виктор Пономарёв"
2041,      "Валерия Шестакова"
2042,       "Татьяна Моисеева"
2043,      "Светлана Колобова"
2044,          "Анна Абрамова"
2045,     "Александр Воробьёв"
2046,          "Елена Авдеева"
2047,           "Марк Абрамов"
2048,         "Жанна Эйнштейн"
2049,        "Алексей Колобов"
2050,     "Виктория Селезнёва"
2051,      "Ирина Калашникова"
2052,       "Ольга Герасимова"
2053,          "Анна Калинина"
2054,         "Дарья Сидорова"
2055,     "Анастасия Шарапова"
2056,        "Елена Ларионова"
2057,          "Ирина Гришина"
2058,     "Маргарита Шарапова"
2059,    "Владислав Волынский"
2060,         "Геннадий Фокин"
2061,       "Василиса Фадеева"
2062,       "Ксения Селезнёва"
2063,           "Виктор Шубин"
2064,    "Ольга Константинова"
2065,        "Евгений Макаров"
2066,    "Геннадий Калашников"
2067,    "Маргарита Шестакова"
2068,      "Александр Шарапов"
2069,    "Татьяна Калашникова"
2070,      "Анастасия Иванова"
2071,        "Ксения Колобова"
2072,      "Владимир Белоусов"
2073,  "Татьяна Константинова"
2074,      "Маргарита Шадрина"
2075,            "Марк Фадеев"
2076,      "Ксения Пономарёва"
2077,        "Ирина Игнатьева"
2078,     "Алевтина Горбачёва"
2079,         "Ирина Эйнштейн"
2080,       "Константин Шубин"
2081,       "Ирина Емельянова"
2082,        "Валерия Боброва"
2083,         "Ксения Авдеева"
2084,      "Александр Одинцов"
2085,      "Виктория Брошкина"
2086,        "Георгий Брошкин"
2087,         "София Никитина"
2088,       "Валерия Сидорова"
2089,          "Яна Игнатьева"
2090,      "Светлана Колобова"
2091,        "Михаил Горбачёв"
2092,       "Анатолий Брошкин"
2093,         "Ксения Громова"
2094,       "Александр Гришин"
2095,           "Иван Никитин"
2096,        "Виктория Бузова"
2097,      "Александр Филатов"
2098,    "Виктория Пономарёва"
2099,         "Ольга Колобова"
2100,       "Валерия Смирнова"
2101,         "Ксения Фадеева"
2102, "Алевтина Константинова"
2103,     "Александр Воробьёв"
2104,      "Анастасия Шадрина"
2105,       "Алевтина Иванова"
2106,      "Татьяна Васильева"
2107,        "Алексей Смирнов"
2108,       "Евгений Некрасов"
2109,      "Маргарита Князева"
2110,        "Альберт Яковлев"
2111,       "Виктория Фадеева"
2112,         "Алексей Иванов"
2113,        "Евгений Абрамов"
2114,           "Марк Колобов"
2115,      "Альберт Харитонов"
2116,   "Виктория Калашникова"
2117,       "Виктория Фадеева"
2118,     "Виктория Некрасова"
2119,           "Илья Денисов"
2120,         "Иван Герасимов"
2121,        "Ирина Журавлёва"
2122,         "Алиса Лебедева"
2123,    "Маргарита Журавлёва"
2124,        "Альберт Моисеев"
2125,        "Алиса Шестакова"
2126,          "Алиса Боброва"
2127,      "Анатолий Горбачёв"
2128,         "Анна Селезнёва"
2129,       "Геннадий Калинин"
2130,        "Дмитрий Денисов"
2131,            "Иван Бобров"
2132,          "Руслан Громов"
2133,      "Татьяна Селезнёва"
2134,        "Михаил Горбачёв"
2135,         "Геннадий Фомин"
2136,       "Евгений Горбачёв"
2137,      "Виктория Колобова"
2138,        "София Белоусова"
2139,     "Константин Филатов"
2140,          "Георгий Фомин"
2141,    "Виктория Емельянова"
2142,       "Жанна Харитонова"
2143,     "Геннадий Емельянов"
2144,     "Евгений Овчинников"
2145,       "Дарья Харитонова"
2146,          "Иван Горбачёв"
2147,     "Александр Воробьёв"
2148,        "Алиса Медведева"
2149,         "Дарья Денисова"
2150,    "Константин Некрасов"
2151,       "Ксения Селезнёва"
2152,          "Сергей Блохин"
2153,    "Александр Герасимов"
2154,    "Анастасия Васильева"
2155,           "Марк Денисов"
2156,        "Сергей Медведев"
2157,       "Виктория Авдеева"
2158,       "Руслан Волынский"
2159,         "Дарья Смирнова"
2160,      "Константин Блохин"
2161,      "Светлана Андреева"
2162,     "Валерия Емельянова"
2163,     "Георгий Калашников"
2164,        "Татьяна Авдеева"
2165,     "Маргарита Эйнштейн"
2166,         "Анна Ларионова"
2167,    "Татьяна Калашникова"
2168,       "Дмитрий Селезнёв"
2169,      "Георгий Харитонов"
2170,     "Алевтина Шестакова"
2171,     "Владимир Харитонов"
2172,         "София Моисеева"
2173,          "Руслан Авдеев"
2174,      "Константин Иванов"
2175,          "Роман Яковлев"
2176,       "Анатолий Никитин"
2177,        "Татьяна Гришина"
2178,        "Дмитрий Лебедев"
2179,       "Валерия Моисеева"
2180,           "Марк Калинин"
2181,           "Яна Смирнова"
2182,      "Алевтина Эйнштейн"
2183,          "Иван Игнатьев"
2184,     "Алевтина Ларионова"
2185,         "Георгий Бобров"
2186,          "Ксения Фокина"
2187,       "Владимир Андреев"
2188,      "Наталья Селезнёва"
2189,       "Дарья Емельянова"
2190,      "Алевтина Моисеева"
2191,          "Илья Горбачёв"
2192,      "Александр Смирнов"
2193,     "Маргарита Абрамова"
2194,     "Татьяна Харитонова"
2195,          "Виктор Фадеев"
2196,         "Илья Емельянов"
2197,      "Анатолий Васильев"
2198,          "Михаил Шадрин"
2199,        "Алевтина Шубина"
2200,    "Маргарита Селезнёва"
2201,        "Мария Васильева"
2202,    "Маргарита Шестакова"
2203,         "Мария Лебедева"
2204,       "Геннадий Никитин"
2205,    "Константин Шестаков"
2206,         "Жанна Сидорова"
2207,      "Михаил Виноградов"
2208,     "Константин Брошкин"
2209,       "Дарья Пономарёва"
2210,      "Евгений Волынский"
2211,           "Виктор Шубин"
2212,         "Елена Эйнштейн"
2213,          "Иван Воробьёв"
2214,         "Валерия Фокина"
2215,          "Евгений Фокин"
2216,         "Альберт Блохин"
2217,     "Виктория Некрасова"
2218,       "Альберт Селезнёв"
2219,         "Ольга Смирнова"
2220,      "Владислав Одинцов"
2221,       "Владимир Колобов"
2222,            "Илья Князев"
2223,        "Алиса Некрасова"
2224,        "Александр Фомин"
2225,           "Яна Брошкина"
2226,         "Жанна Макарова"
2227,          "Роман Филатов"
2228,       "Георгий Васильев"
2229,            "Анна Фокина"
2230,       "Маргарита Бузова"
2231,         "Илья Волынский"
2232,      "Наталья Горбачёва"
2233,       "Александр Бобров"
2234,      "Алевтина Андреева"
2235,      "Виктория Андреева"
2236,            "Илья Иванов"
2237,       "Валерия Денисова"
2238,           "Дарья Фокина"
2239,       "Геннадий Колобов"
2240,         "Яна Пономарёва"
2241,        "Ксения Брошкина"
2242,         "Василий Шадрин"
2243,    "Маргарита Селезнёва"
2244,       "Ксения Воробьёва"
2245, "Светлана Константинова"
2246,         "Ирина Филатова"
2247,          "Марк Васильев"
2248,      "Алексей Герасимов"
2249,         "Иван Волынский"
2250,"Анастасия Константинова"
2251,          "Дарья Князева"
2252,       "Ирина Харитонова"
2253,       "Алевтина Князева"
2254,      "Светлана Одинцова"
2255,       "Евгений Шестаков"
2256,    "Константин Горбачёв"
2257,         "Дарья Одинцова"
2258,      "Ксения Пономарёва"
2259,        "Виктор Васильев"
2260,        "Дмитрий Филатов"
2261,        "Анатолий Князев"
2262,          "Анна Денисова"
2263,    "Василиса Герасимова"
2264,          "Ольга Шадрина"
2265,     "Алевтина Селезнёва"
2266,             "Марк Фомин"
2267,     "Геннадий Пономарёв"
2268,         "Дарья Яковлева"
2269,       "Михаил Харитонов"
2270,         "Алиса Андреева"
2271,       "Татьяна Моисеева"
2272,        "Альберт Шарапов"
2273,        "Мария Волынская"
2274,      "Владимир Игнатьев"
2275,           "Алиса Фомина"
2276,           "Илья Филатов"
2277,        "Алексей Никитин"
2278,        "София Журавлёва"
2279,          "Михаил Иванов"
2280,       "Татьяна Сидорова"
2281,         "Сергей Колобов"
2282,    "Владимир Калашников"
2283,       "Валерия Филатова"
2284,      "Алексей Герасимов"
2285,         "Алексей Гришин"
2286,       "Дарья Герасимова"
2287,           "Иван Смирнов"
2288,        "Евгений Калинин"
2289,          "Илья Воробьёв"
2290,       "Алевтина Блохина"
2291,      "Василиса Смирнова"
2292,     "Дмитрий Виноградов"
2293,       "Алевтина Боброва"
2294,         "Альберт Иванов"
2295,          "Михаил Гришин"
2296,     "Виктория Белоусова"
2297,       "Владислав Фадеев"
2298,       "Константин Жадан"
2299,         "Альберт Шадрин"
2300,         "Геннадий Жадан"
2301,          "Ольга Иванова"
2302,         "Жанна Брошкина"
2303,       "Анатолий Моисеев"
2304,      "Татьяна Воробьёва"
2305,         "Виктор Абрамов"
2306,       "Виктор Волынский"
2307,   "Анастасия Харитонова"
2308,          "Евгений Фомин"
2309,         "Ирина Никитина"
2310,          "София Гришина"
2311,          "Руслан Бобров"
2312,      "Валерия Ларионова"
2313,       "Татьяна Сидорова"
2314,       "Светлана Фадеева"
2315,          "Руслан Блохин"
2316,           "Иван Абрамов"
2317,         "Альберт Бобров"
2318,     "Александр Воробьёв"
2319,        "Дмитрий Шарапов"
2320,      "Владимир Воробьёв"
2321,           "Илья Сидоров"
2322,       "Сергей Волынский"
2323,        "Иван Овчинников"
2324,          "Иван Селезнёв"
2325,        "Алексей Колобов"
2326,         "Анна Волынская"
2327,        "Мария Белоусова"
2328,       "Дарья Пономарёва"
2329,          "Илья Игнатьев"
2330,     "Маргарита Лебедева"
2331,       "Светлана Громова"
2332,       "Алексей Медведев"
2333,          "Ольга Блохина"
2334,      "Виктория Абрамова"
2335,       "Наталья Колобова"
2336,         "Виктор Калинин"
2337,         "Наталья Бузова"
2338,         "Георгий Блохин"
2339,        "София Ларионова"
2340,       "Светлана Гришина"
2341,       "Ксения Ларионова"
2342,         "Мария Макарова"
2343,         "Мария Яковлева"
2344,         "Дарья Сидорова"
2345,           "София Шубина"
2346,    "Маргарита Игнатьева"
2347,        "Руслан Игнатьев"
2348,         "Сергей Денисов"
2349,      "Татьяна Некрасова"
2350,     "Алевтина Некрасова"
2351,        "Михаил Некрасов"
2352,       "Геннадий Шарапов"
2353,           "Анна Иванова"
2354,    "Маргарита Журавлёва"
2355,          "Ольга Громова"
2356,          "София Боброва"
2357,      "Евгений Харитонов"
2358,     "Василиса Медведева"
2359,     "Маргарита Брошкина"
2360,      "Валерия Медведева"
2361,       "Альберт Васильев"
2362,    "Константин Журавлёв"
2363,          "Анна Колобова"
2364,    "Жанна Константинова"
2365,      "Наталья Воробьёва"
2366,        "Василий Одинцов"
2367,        "Анатолий Блохин"
2368,    "Константин Горбачёв"
2369,        "Альберт Шарапов"
2370,       "Татьяна Одинцова"
2371,        "София Волынская"
2372,       "Владислав Шадрин"
2373,      "Ксения Герасимова"
2374,         "Жанна Андреева"
2375,     "Владислав Медведев"
2376,         "Илья Герасимов"
2377,        "Жанна Шестакова"
2378,       "Валерия Колобова"
2379,   "Ксения Константинова"
2380,         "Руслан Брошкин"
2381,      "Василиса Калинина"
2382,         "Евгений Громов"
2383,          "Сергей Гришин"
2384,         "Марк Пономарёв"
2385,     "Алевтина Воробьёва"
2386,        "Геннадий Иванов"
2387,           "Иван Смирнов"
2388,       "Геннадий Колобов"
2389,       "Геннадий Брошкин"
2390,          "Марк Журавлёв"
2391,       "Наталья Никитина"
2392,      "Татьяна Шестакова"
2393,    "Анастасия Журавлёва"
2394,           "Марк Никитин"
2395,     "Анна Константинова"
2396,          "Анна Шарапова"
2397,        "Татьяна Авдеева"
2398,        "Ксения Моисеева"
2399,        "Светлана Шубина"
2400,          "Альберт Фомин"
2401,           "Анна Князева"
2402,        "София Ларионова"
2403,     "Анастасия Моисеева"
2404,            "Марк Блохин"
2405,         "Ирина Филатова"
2406,     "Василиса Белоусова"
2407,     "Анастасия Андреева"
2408,        "Геннадий Блохин"
2409,     "Константин Одинцов"
2410,         "Ирина Филатова"
2411,            "Иван Князев"
2412,       "Евгений Васильев"
2413,  "Маргарита Калашникова"
2414,      "Ольга Калашникова"
2415,      "Виктория Яковлева"
2416,     "Маргарита Брошкина"
2417,        "Георгий Денисов"
2418,          "Ирина Шадрина"
2419,         "Георгий Гришин"
2420,        "Владимир Гришин"
2421,           "Руслан Жадан"
2422,         "Роман Медведев"
2423,          "Алиса Авдеева"
2424,        "Татьяна Князева"
2425,     "Валерия Пономарёва"
2426,          "Яна Воробьёва"
2427,       "Ирина Емельянова"
2428,       "Анатолий Колобов"
2429,        "Ирина Васильева"
2430,          "Роман Смирнов"
2431,        "Татьяна Громова"
2432,         "Руслан Смирнов"
2433,         "Елена Брошкина"
2434,           "Яна Сидорова"
2435,      "Владимир Васильев"
2436,          "Михаил Фадеев"
2437,      "Валерия Игнатьева"
2438,        "Сергей Медведев"
2439,       "Анатолий Никитин"
2440,           "Марк Лебедев"
2441,      "Владимир Игнатьев"
2442,       "Наталья Сидорова"
2443,   "Анастасия Герасимова"
2444,      "Валерия Горбачёва"
2445,       "Геннадий Одинцов"
2446,            "Роман Фомин"
2447,      "Константин Гришин"
2448,     "Анастасия Никитина"
2449,       "Александр Гришин"
2450,         "Мария Колобова"
2451,         "Виктор Моисеев"
2452,   "Евгений Константинов"
2453,         "Алиса Эйнштейн"
2454,            "Марк Авдеев"
2455,         "Роман Медведев"
2456,           "Роман Князев"
2457,         "Руслан Смирнов"
2458,          "Иван Воробьёв"
2459,         "Жанна Абрамова"
2460,     "Светлана Ларионова"
2461,       "Дмитрий Некрасов"
2462,        "Ксения Лебедева"
2463,      "Виктория Сидорова"
2464,      "Виктор Виноградов"
2465,        "Ксения Денисова"
2466,      "Анатолий Горбачёв"
2467,    "Маргарита Белоусова"
2468,    "Константин Некрасов"
2469,     "Константин Шарапов"
2470,          "Руслан Громов"
2471,        "Василий Брошкин"
2472,       "Василиса Блохина"
2473,           "Мария Бузова"
2474,      "Владислав Филатов"
2475,         "Елена Брошкина"
2476,        "Геннадий Иванов"
2477,    "Василиса Харитонова"
2478,       "Дарья Харитонова"
2479,       "Татьяна Моисеева"
2480,         "Дарья Одинцова"
2481,     "Константин Абрамов"
2482,      "Мария Виноградова"
2483,         "Геннадий Фокин"
2484,        "Татьяна Шадрина"
2485,        "Дмитрий Шарапов"
2486,        "Василий Калинин"
2487,        "Евгений Яковлев"
2488,       "Маргарита Шубина"
2489,        "Алевтина Фомина"
2490,      "Анатолий Некрасов"
2491,       "Сергей Харитонов"
2492,     "Алевтина Селезнёва"
2493,      "Василиса Абрамова"
2494,     "Василиса Медведева"
2495,     "Светлана Васильева"
2496,     "Алевтина Васильева"
2497,         "Ольга Никитина"
2498,         "Илья Герасимов"
2499,       "Светлана Гришина"
2500,        "Дмитрий Смирнов"
2501,        "Алевтина Бузова"
2502,           "Анна Князева"
2503,        "Михаил Белоусов"
2504,      "Евгений Герасимов"
2505,     "Виктория Ларионова"
2506,       "Александр Князев"
2507,         "Жанна Макарова"
2508,        "Ксения Андреева"
2509,         "Дмитрий Фадеев"
2510,      "Анатолий Эйнштейн"
2511,       "Владимир Шарапов"
2512,            "Иван Шадрин"
2513,      "Владислав Яковлев"
2514,    "Константин Журавлёв"
2515,      "Светлана Шарапова"
2516,           "Сергей Жадан"
2517,    "Алиса Константинова"
2518,         "Роман Игнатьев"
2519,         "Жанна Эйнштейн"
2520,     "Александр Медведев"
2521,          "Роман Яковлев"
2522,         "София Денисова"
2523,      "Анастасия Гришина"
2524,           "Роман Фадеев"
2525,          "Роман Макаров"
2526,       "Наталья Эйнштейн"
2527,          "Сергей Шадрин"
2528,          "Альберт Жадан"
2529,       "София Харитонова"
2530,        "Ирина Некрасова"
2531,     "Геннадий Герасимов"
2532,       "Наталья Лебедева"
2533,           "Илья Андреев"
2534,       "Геннадий Брошкин"
2535,       "Сергей Герасимов"
2536,        "Альберт Сидоров"
2537,       "Геннадий Филатов"
2538,     "Геннадий Емельянов"
2539,         "Ирина Эйнштейн"
2540,     "Георгий Овчинников"
2541,         "Ирина Моисеева"
2542,         "Виктор Моисеев"
2543,      "Александр Яковлев"
2544,           "Марк Яковлев"
2545,    "Геннадий Калашников"
2546,            "Анна Фомина"
2547,     "Анастасия Сидорова"
2548,         "Елена Денисова"
2549,        "Анатолий Иванов"
2550,     "Геннадий Волынский"
2551,        "Василиса Бузова"
2552,   "Анастасия Пономарёва"
2553,        "Иван Овчинников"
2554,         "Жанна Колобова"
2555,           "Иван Одинцов"
2556,        "Светлана Фомина"
2557,        "Алевтина Шубина"
2558,        "Ксения Шарапова"
2559,      "Маргарита Шадрина"
2560,      "Татьяна Ларионова"
2561,         "Сергей Шарапов"
2562,       "Ксения Горбачёва"
2563,         "Михаил Абрамов"
2564,         "Дарья Лебедева"
2565,      "Василиса Андреева"
2566,       "Геннадий Яковлев"
2567,      "Владимир Воробьёв"
2568,        "Дмитрий Лебедев"
2569,        "Альберт Абрамов"
2570,      "Алевтина Одинцова"
2571,           "Анна Громова"
2572,     "Владислав Ларионов"
2573,    "Константин Горбачёв"
2574,     "Алевтина Медведева"
2575,         "Марк Харитонов"
2576,          "Жанна Боброва"
2577,       "Валерия Филатова"
2578,     "Виктория Шестакова"
2579,          "Иван Ларионов"
2580,          "Жанна Шадрина"
2581,      "Валерия Ларионова"
2582,         "Роман Белоусов"
2583,          "Иван Селезнёв"
2584,      "Татьяна Белоусова"
2585,         "Василий Громов"
2586,         "Руслан Брошкин"
2587,         "Роман Селезнёв"
2588,       "Александр Князев"
2589,     "Маргарита Эйнштейн"
2590,        "Мария Васильева"
2591,      "Владимир Васильев"
2592,         "Сергей Денисов"
2593,       "София Пономарёва"
2594,     "Виктория Игнатьева"
2595,        "Альберт Яковлев"
2596,      "Татьяна Селезнёва"
2597,        "Наталья Иванова"
2598,       "Ксения Волынская"
2599,      "Светлана Калинина"
2600,         "Руслан Сидоров"
2601,      "Сергей Виноградов"
2602,       "Татьяна Денисова"
2603,        "Евгений Лебедев"
2604,            "Анна Фокина"
2605,           "Михаил Фомин"
2606,         "Роман Селезнёв"
2607,          "Роман Моисеев"
2608,           "Яна Макарова"
2609,            "Марк Блохин"
2610,        "Ксения Калинина"
2611,       "Валерия Андреева"
2612,         "Дмитрий Авдеев"
2613,        "Дарья Шестакова"
2614,        "Дмитрий Никитин"
2615,       "Геннадий Сидоров"
2616,          "Михаил Шадрин"
2617,      "Александр Смирнов"
2618,           "Жанна Шубина"
2619,          "Руслан Шадрин"
2620,       "Елена Емельянова"
2621,          "Алексей Жадан"
2622,    "Руслан Константинов"
2623,    "Василиса Пономарёва"
2624,        "Виктор Медведев"
2625,        "Геннадий Князев"
2626,        "Евгений Смирнов"
2627,        "Альберт Колобов"
2628,    "Александр Пономарёв"
2629,      "Наталья Шестакова"
2630,             "Иван Фокин"
2631,         "Елена Шарапова"
2632,       "Ирина Герасимова"
2633,     "Евгений Виноградов"
2634,      "Владимир Игнатьев"
2635,         "Елена Моисеева"
2636,      "Александр Денисов"
2637,       "Альберт Журавлёв"
2638,      "Елена Овчинникова"
2639,      "Дмитрий Герасимов"
2640,         "Ксения Князева"
2641,   "Светлана Калашникова"
2642,          "Ирина Фадеева"
2643,      "Маргарита Фадеева"
2644,           "Марк Моисеев"
2645,          "Ольга Боброва"
2646,          "Алиса Князева"
2647,        "Василий Денисов"
2648,          "София Громова"
2649,      "Константин Гришин"
2650,       "Наталья Калинина"
2651,         "Руслан Калинин"
2652,        "Алексей Одинцов"
2653,       "Дмитрий Васильев"
2654,    "Анастасия Игнатьева"
2655,        "Мария Горбачёва"
2656,          "Роман Андреев"
2657,        "Ольга Волынская"
2658,     "Константин Сидоров"
2659,        "Мария Васильева"
2660,           "Михаил Шубин"
2661,   "Василиса Калашникова"
2662,           "Мария Фокина"
2663,    "Маргарита Журавлёва"
2664,          "Дарья Блохина"
2665,        "Альберт Калинин"
2666,      "Василиса Яковлева"
2667,        "Альберт Макаров"
2668,        "Владимир Громов"
2669,         "Евгений Фадеев"
2670,           "Михаил Фокин"
2671,         "Татьяна Шубина"
2672,          "Сергей Фадеев"
2673,        "Мария Ларионова"
2674,             "Илья Фокин"
2675,     "Анастасия Абрамова"
2676,     "Альберт Калашников"
2677,        "Владимир Шадрин"
2678,     "Алексей Овчинников"
2679,        "Евгений Филатов"
2680,        "София Васильева"
2681,        "Михаил Некрасов"
2682,     "Анатолий Пономарёв"
2683,        "Алексей Брошкин"
2684,     "Анастасия Денисова"
2685,          "Ольга Фадеева"
2686,      "Дмитрий Пономарёв"
2687,     "Александр Шестаков"
2688,           "Иван Абрамов"
2689,         "Ирина Никитина"
2690,        "Александр Фомин"
2691,       "Алексей Горбачёв"
2692,         "Ирина Денисова"
2693,     "Виктория Селезнёва"
2694,        "Дмитрий Абрамов"
2695,           "Илья Яковлев"
2696,         "Сергей Лебедев"
2697,         "Наталья Шубина"
2698,       "Анна Овчинникова"
2699,     "Валерия Емельянова"
2700,   "Маргарита Пономарёва"
2701,        "Сергей Васильев"
2702,      "Мария Виноградова"
2703,      "Василий Герасимов"
2704,        "Михаил Журавлёв"
2705,        "Дмитрий Колобов"
2706,        "Анатолий Авдеев"
2707,      "Виктор Калашников"
2708,         "Мария Никитина"
2709,             "Илья Жадан"
2710,          "Алиса Блохина"
2711,       "Владислав Гришин"
2712,     "Александр Васильев"
2713,      "Ксения Харитонова"
2714,    "Алевтина Пономарёва"
2715,         "Дмитрий Фадеев"
2716,        "Михаил Журавлёв"
2717,        "Алиса Журавлёва"
2718,     "Анастасия Денисова"
2719,      "Анатолий Белоусов"
2720,    "Сергей Константинов"
2721,            "Роман Жадан"
2722,    "Мария Константинова"
2723,      "Светлана Лебедева"
2724,       "Алексей Воробьёв"
2725,      "Анатолий Горбачёв"
2726,         "Сергей Филатов"
2727,     "Алевтина Белоусова"
2728,          "Алиса Блохина"
2729,      "Константин Князев"
2730,          "Евгений Шубин"
2731,       "Виктория Шадрина"
2732,   "Василиса Калашникова"
2733,         "Ксения Иванова"
2734,         "Виктор Калинин"
2735,    "Анастасия Медведева"
2736,        "Михаил Игнатьев"
2737,         "Георгий Гришин"
2738,        "Алиса Селезнёва"
2739,      "Валерия Некрасова"
2740,          "Алиса Блохина"
2741,       "Анастасия Шубина"
2742,        "Евгений Андреев"
2743,        "Елена Медведева"
2744,           "Роман Громов"
2745,          "Альберт Шубин"
2746,        "Анатолий Шадрин"
2747,       "Ольга Емельянова"
2748,       "Дмитрий Шестаков"
2749,          "Марк Селезнёв"
2750,          "Яна Журавлёва"
2751,      "Ирина Калашникова"
2752,      "Маргарита Блохина"
2753,        "Валерия Гришина"
2754,         "Елена Колобова"
2755,        "Иван Овчинников"
2756,     "Василиса Ларионова"
2757,        "Жанна Медведева"
2758,             "Илья Жадан"
2759,     "Светлана Игнатьева"
2760,      "Маргарита Гришина"
2761,        "Мария Селезнёва"
2762,       "Георгий Журавлёв"
2763,      "Мария Овчинникова"
2764,      "Алевтина Макарова"
2765,         "Геннадий Жадан"
2766,       "Ксения Горбачёва"
2767,        "Светлана Фокина"
2768,           "Елена Шубина"
2769,          "Ольга Боброва"
2770,      "Владислав Калинин"
2771,   "Светлана Овчинникова"
2772,           "Иван Андреев"
2773,           "Илья Лебедев"
2774,   "Алексей Константинов"
2775,            "Илья Фадеев"
2776,       "Анатолий Калинин"
2777,        "Александр Фокин"
2778,      "Наталья Шестакова"
2779,       "Владимир Филатов"
2780,      "Татьяна Некрасова"
2781,      "Маргарита Громова"
2782,        "Елена Шестакова"
2783,       "Наталья Макарова"
2784,           "Роман Гришин"
2785,   "Виктория Калашникова"
2786,          "Роман Шарапов"
2787,       "Анатолий Никитин"
2788,       "Александр Авдеев"
2789,        "Альберт Сидоров"
2790,         "Руслан Лебедев"
2791,      "Татьяна Ларионова"
2792,         "Георгий Фадеев"
2793,         "Дмитрий Гришин"
2794,          "Илья Горбачёв"
2795,           "Яна Калинина"
2796,        "Владислав Жадан"
2797,      "Виктория Смирнова"
2798,           "Алиса Фомина"
2799,       "Альберт Шестаков"
2800,        "Ольга Некрасова"
2801,      "Алевтина Моисеева"
2802,       "Алексей Некрасов"
2803,       "Василий Медведев"
2804, "Алевтина Константинова"
2805,         "Алиса Калинина"
2806,      "Татьяна Белоусова"
2807,           "Жанна Фокина"
2808,        "Валерия Блохина"
2809,       "Валерия Макарова"
2810,        "Жанна Селезнёва"
2811,       "София Герасимова"
2812,         "Михаил Шарапов"
2813,         "Мария Никитина"
2814,    "Анастасия Некрасова"
2815,        "Дмитрий Макаров"
2816,    "Светлана Харитонова"
2817,          "Михаил Князев"
2818,    "Маргарита Ларионова"
2819,         "Дарья Колобова"
2820,      "Василиса Андреева"
2821,      "Светлана Сидорова"
2822,      "Руслан Калашников"
2823,           "Марк Колобов"
2824,      "Алевтина Лебедева"
2825,        "Василий Лебедев"
2826,       "Татьяна Никитина"
2827,    "Татьяна Калашникова"
2828,       "Геннадий Филатов"
2829,         "Мария Моисеева"
2830,          "Роман Филатов"
2831,          "Алексей Фокин"
2832,       "Руслан Харитонов"
2833,          "Руслан Иванов"
2834,    "Маргарита Ларионова"
2835,     "Маргарита Денисова"
2836,        "Алиса Белоусова"
2837,         "Ольга Лебедева"
2838,       "Алексей Воробьёв"
2839,      "Жанна Овчинникова"
2840,       "Наталья Сидорова"
2841,    "Татьяна Виноградова"
2842,     "Алевтина Игнатьева"
2843,      "Василиса Лебедева"
2844,          "София Громова"
2845,      "Владислав Шарапов"
2846,    "Светлана Харитонова"
2847,  "Маргарита Калашникова"
2848,        "Сергей Некрасов"
2849,       "Владимир Денисов"
2850,         "Виктор Моисеев"
2851,          "София Блохина"
2852,      "Геннадий Медведев"
2853,         "Дарья Моисеева"
2854,     "Владимир Пономарёв"
2855,       "Алексей Горбачёв"
2856,            "Марк Фадеев"
2857,     "Алексей Овчинников"
2858,     "Алевтина Горбачёва"
2859,     "Константин Никитин"
2860,         "Алиса Абрамова"
2861,      "Владимир Белоусов"
2862,        "Мария Воробьёва"
2863,      "Анатолий Медведев"
2864,      "Константин Гришин"
2865,       "Ольга Емельянова"
2866,       "Татьяна Шарапова"
2867,         "Геннадий Жадан"
2868,       "Сергей Герасимов"
2869,        "Василий Яковлев"
2870,        "Альберт Сидоров"
2871,        "Марк Калашников"
2872,         "Руслан Моисеев"
2873,           "Яна Шарапова"
2874,         "Алексей Гришин"
2875,       "Наталья Одинцова"
2876,     "Владислав Воробьёв"
2877,          "Василий Шубин"
2878,          "Илья Горбачёв"
2879,        "Евгений Андреев"
2880,           "Виктор Шубин"
2881,         "Жанна Абрамова"
2882,            "Яна Иванова"
2883,          "Марк Шестаков"
2884,       "Светлана Громова"
2885,     "Анастасия Денисова"
2886,     "Александр Горбачёв"
2887,         "Татьяна Бузова"
2888,          "Жанна Гришина"
2889,     "Георгий Овчинников"
2890,          "Роман Денисов"
2891,    "Виктория Пономарёва"
2892,         "Альберт Фадеев"
2893,     "Константин Одинцов"
2894,       "Анатолий Брошкин"
2895,     "Виктория Воробьёва"
2896,            "Илья Блохин"
2897,        "Василий Моисеев"
2898,   "Виктория Калашникова"
2899,     "Василиса Медведева"
2900,           "Анна Фадеева"
2901,         "Альберт Иванов"
2902,      "Алевтина Лебедева"
2903,         "Виктор Калинин"
2904,        "Василиса Шубина"
2905,          "София Блохина"
2906,      "Владислав Лебедев"
2907,       "София Пономарёва"
2908,         "Сергей Макаров"
2909,        "Владимир Фадеев"
2910,   "Алевтина Виноградова"
2911,           "Марк Шарапов"
2912,    "Геннадий Калашников"
2913,     "Валерия Харитонова"
2914,        "Евгений Филатов"
2915,         "Дмитрий Гришин"
2916,         "Елена Колобова"
2917,      "Светлана Брошкина"
2918,         "Альберт Громов"
2919,      "Владимир Некрасов"
2920,    "Анатолий Виноградов"
2921,       "Василий Ларионов"
2922,         "Елена Шарапова"
2923,      "Виктор Овчинников"
2924,          "Сергей Фадеев"
2925,          "Жанна Боброва"
2926,      "Маргарита Шадрина"
2927,     "Василиса Шестакова"
2928, "Василиса Константинова"
2929,        "Евгений Одинцов"
2930,         "Георгий Князев"
2931,     "Анастасия Эйнштейн"
2932,      "Владислав Макаров"
2933,     "Виктория Волынская"
2934,      "Светлана Сидорова"
2935,        "Ирина Некрасова"
2936,           "Иван Колобов"
2937,          "Иван Ларионов"
2938,            "Яна Авдеева"
2939,        "Дарья Медведева"
2940,     "Альберт Виноградов"
2941,           "Иван Лебедев"
2942,          "Иван Ларионов"
2943,        "Наталья Гришина"
2944,          "Иван Журавлёв"
2945,          "Михаил Гришин"
2946,      "Валерия Волынская"
2947,        "Яна Овчинникова"
2948,        "Виктор Эйнштейн"
2949,        "Ксения Колобова"
2950,         "София Сидорова"
2951,         "Михаил Калинин"
2952,       "Валерия Лебедева"
2953,     "Светлана Воробьёва"
2954,         "Михаил Моисеев"
2955,         "Ирина Колобова"
2956,       "Наталья Калинина"
2957,        "София Воробьёва"
2958,           "Иван Макаров"
2959,   "Владислав Виноградов"
2960,         "Евгений Авдеев"
2961,       "Наталья Никитина"
2962,        "Василий Яковлев"
2963,          "Елена Гришина"
2964,    "Василиса Харитонова"
2965,          "София Иванова"
2966,       "Алевтина Гришина"
2967,      "Анастасия Боброва"
2968,         "Алиса Колобова"
2969,       "Ирина Пономарёва"
2970,      "Алевтина Абрамова"
2971,            "Яна Громова"
2972,       "Алиса Герасимова"
2973,        "Елена Белоусова"
2974,      "Алевтина Андреева"
2975,      "Василиса Одинцова"
2976,       "Александр Фадеев"
2977,     "Геннадий Пономарёв"
2978,     "Геннадий Пономарёв"
2979,           "Иван Филатов"
2980,         "Ольга Смирнова"
2981,       "Геннадий Яковлев"
2982,         "Дарья Колобова"
2983,      "Алиса Калашникова"
2984,   "Александр Виноградов"
2985,          "Роман Яковлев"
2986,       "Михаил Харитонов"
2987,      "Василиса Андреева"
2988,      "Наталья Шестакова"
2989,     "Константин Денисов"
2990,        "Алиса Игнатьева"
2991,         "София Макарова"
2992,          "Анна Андреева"
2993,         "Ирина Колобова"
2994,     "Анастасия Никитина"
2995,        "Валерия Князева"
2996,         "Ольга Денисова"
2997,        "Георгий Смирнов"
2998,      "Ольга Виноградова"
2999,          "Руслан Гришин"
3000,        "Александр Шубин"
